coverage_id,region,state,category,canonical_name,aliases,source_evidence,nutrition_status,nutrition_rule
REG22-0021,South,Karnataka,flatbread,Akki Rotti,Akki Roti,NCHMCT/Indian regional cuisine references and regional recipe sources,candidate—nutrition not yet promoted,Do not use name-only calories; promote only after source recipe/ingredient quantities are mapped to source-backed nutrient records.
REG22-0022,South,Karnataka,flatbread,Ragi Rotti,Ragi Roti,NCHMCT/Indian regional cuisine references and regional recipe sources,candidate—nutrition not yet promoted,Do not use name-only calories; promote only after source recipe/ingredient quantities are mapped to source-backed nutrient records.
REG22-0023,South,Karnataka,flatbread,Jowar Rotti,Jolada Rotti,NCHMCT/Indian regional cuisine references and regional recipe sources,candidate—nutrition not yet promoted,Do not use name-only calories; promote only after source recipe/ingredient quantities are mapped to source-backed nutrient records.
REG22-0042,South,Tamil Nadu,bread,Veechu Parotta,Veechu Parotta,NCHMCT/Indian regional cuisine references; parotta variants cross-checked against paratha regional literature,candidate—nutrition not yet promoted,Do not use name-only calories; promote only after source recipe/ingredient quantities are mapped to source-backed nutrient records.
REG22-0043,South,Tamil Nadu,bread,Bun Parotta,Bun Parotta,NCHMCT/Indian regional cuisine references; parotta variants cross-checked against paratha regional literature,candidate—nutrition not yet promoted,Do not use name-only calories; promote only after source recipe/ingredient quantities are mapped to source-backed nutrient records.
REG22-0052,South,Kerala,bread,Malabar Parotta,Kerala Parotta,Kerala Tourism / NCHMCT / Indian regional cuisine references,candidate—nutrition not yet promoted,Do not use name-only calories; promote only after source recipe/ingredient quantities are mapped to source-backed nutrient records.
REG22-0068,West,Maharashtra,flatbread,Thalipeeth,Thali Pith,NCHMCT/Indian regional cuisine references,candidate—nutrition not yet promoted,Do not use name-only calories; promote only after source recipe/ingredient quantities are mapped to source-backed nutrient records.
REG22-0072,West,Gujarat,flatbread,Thepla,Methi Thepla,NCHMCT/Indian regional cuisine references,candidate—nutrition not yet promoted,Do not use name-only calories; promote only after source recipe/ingredient quantities are mapped to source-backed nutrient records.
REG22-0079,West,Rajasthan,bread,Bajra Roti,Bajre ki Roti,NCHMCT/Indian regional cuisine references,candidate—nutrition not yet promoted,Do not use name-only calories; promote only after source recipe/ingredient quantities are mapped to source-backed nutrient records.
REG22-0082,North,Punjab,bread,Amritsari Kulcha,Amritsari Aloo Kulcha,NCHMCT Indian Food Heritage / regional cuisine references,candidate—nutrition not yet promoted,Do not use name-only calories; promote only after source recipe/ingredient quantities are mapped to source-backed nutrient records.
REG22-0083,North,Punjab,bread,Makki Di Roti,Makki Roti,NCHMCT Indian Food Heritage / regional cuisine references,candidate—nutrition not yet promoted,Do not use name-only calories; promote only after source recipe/ingredient quantities are mapped to source-backed nutrient records.
REG22-0095,North,Awadh,bread,Warqi Paratha,Warqi Paratha,NCHMCT Indian Food Heritage / regional cuisine references,candidate—nutrition not yet promoted,Do not use name-only calories; promote only after source recipe/ingredient quantities are mapped to source-backed nutrient records.
REG22-0096,North,Bengal,bread,Mughlai Paratha,Moghlai Porota,NCHMCT Indian Food Heritage / regional cuisine references,candidate—nutrition not yet promoted,Do not use name-only calories; promote only after source recipe/ingredient quantities are mapped to source-backed nutrient records.
REG22-0097,North,Bengal,bread,Dhakai Paratha,Dhakai Porota,NCHMCT Indian Food Heritage / regional cuisine references,candidate—nutrition not yet promoted,Do not use name-only calories; promote only after source recipe/ingredient quantities are mapped to source-backed nutrient records.
REG22-0098,North,Bengal,bread,Petai Parota,Petai Porota,NCHMCT Indian Food Heritage / regional cuisine references,candidate—nutrition not yet promoted,Do not use name-only calories; promote only after source recipe/ingredient quantities are mapped to source-backed nutrient records.
REG22-0099,North,Bengal,bread,Luchi,Luchi,NCHMCT Indian Food Heritage / regional cuisine references,candidate—nutrition not yet promoted,Do not use name-only calories; promote only after source recipe/ingredient quantities are mapped to source-backed nutrient records.
REG22-0106,North,Punjab,naan,Plain Naan,Naan,paratha/naan regional literature; NCHMCT Indian regional cuisine; Times of India/NDTV bread/paratha references,candidate—nutrition not yet promoted,Do not use name-only calories; promote only after source recipe/ingredient quantities are mapped to source-backed nutrient records.
REG22-0107,North,Punjab,naan,Butter Naan,,paratha/naan regional literature; NCHMCT Indian regional cuisine; Times of India/NDTV bread/paratha references,candidate—nutrition not yet promoted,Do not use name-only calories; promote only after source recipe/ingredient quantities are mapped to source-backed nutrient records.
REG22-0108,North,Punjab,naan,Garlic Naan,,paratha/naan regional literature; NCHMCT Indian regional cuisine; Times of India/NDTV bread/paratha references,candidate—nutrition not yet promoted,Do not use name-only calories; promote only after source recipe/ingredient quantities are mapped to source-backed nutrient records.
REG22-0109,North,Punjab,naan,Cheese Naan,,paratha/naan regional literature; NCHMCT Indian regional cuisine; Times of India/NDTV bread/paratha references,candidate—nutrition not yet promoted,Do not use name-only calories; promote only after source recipe/ingredient quantities are mapped to source-backed nutrient records.
REG22-0110,North,Punjab,naan,Keema Naan,,paratha/naan regional literature; NCHMCT Indian regional cuisine; Times of India/NDTV bread/paratha references,candidate—nutrition not yet promoted,Do not use name-only calories; promote only after source recipe/ingredient quantities are mapped to source-backed nutrient records.
REG22-0111,North,Punjab,naan,Peshawari Naan,Kashmiri Naan in some menus,paratha/naan regional literature; NCHMCT Indian regional cuisine; Times of India/NDTV bread/paratha references,candidate—nutrition not yet promoted,Do not use name-only calories; promote only after source recipe/ingredient quantities are mapped to source-backed nutrient records.
REG22-0112,North,Punjab,naan,Methi Naan,,paratha/naan regional literature; NCHMCT Indian regional cuisine; Times of India/NDTV bread/paratha references,candidate—nutrition not yet promoted,Do not use name-only calories; promote only after source recipe/ingredient quantities are mapped to source-backed nutrient records.
REG22-0113,North,Punjab,naan,Amritsari Naan,,paratha/naan regional literature; NCHMCT Indian regional cuisine; Times of India/NDTV bread/paratha references,candidate—nutrition not yet promoted,Do not use name-only calories; promote only after source recipe/ingredient quantities are mapped to source-backed nutrient records.
REG22-0114,North,Punjab,naan,Kulcha,,paratha/naan regional literature; NCHMCT Indian regional cuisine; Times of India/NDTV bread/paratha references,candidate—nutrition not yet promoted,Do not use name-only calories; promote only after source recipe/ingredient quantities are mapped to source-backed nutrient records.
REG22-0115,North,Punjab,kulcha,Aloo Kulcha,,paratha/naan regional literature; NCHMCT Indian regional cuisine; Times of India/NDTV bread/paratha references,candidate—nutrition not yet promoted,Do not use name-only calories; promote only after source recipe/ingredient quantities are mapped to source-backed nutrient records.
REG22-0116,North,Punjab,kulcha,Onion Kulcha,Pyaz Kulcha,paratha/naan regional literature; NCHMCT Indian regional cuisine; Times of India/NDTV bread/paratha references,candidate—nutrition not yet promoted,Do not use name-only calories; promote only after source recipe/ingredient quantities are mapped to source-backed nutrient records.
REG22-0117,North,Punjab,kulcha,Amritsari Kulcha,,paratha/naan regional literature; NCHMCT Indian regional cuisine; Times of India/NDTV bread/paratha references,candidate—nutrition not yet promoted,Do not use name-only calories; promote only after source recipe/ingredient quantities are mapped to source-backed nutrient records.
REG22-0118,North,North India,paratha,Plain Paratha,,paratha/naan regional literature; NCHMCT Indian regional cuisine; Times of India/NDTV bread/paratha references,candidate—nutrition not yet promoted,Do not use name-only calories; promote only after source recipe/ingredient quantities are mapped to source-backed nutrient records.
REG22-0119,North,North India,paratha,Lachha Paratha,Laccha Paratha,paratha/naan regional literature; NCHMCT Indian regional cuisine; Times of India/NDTV bread/paratha references,candidate—nutrition not yet promoted,Do not use name-only calories; promote only after source recipe/ingredient quantities are mapped to source-backed nutrient records.
REG22-0120,North,North India,paratha,Aloo Paratha,Aaloo Paratha,paratha/naan regional literature; NCHMCT Indian regional cuisine; Times of India/NDTV bread/paratha references,candidate—nutrition not yet promoted,Do not use name-only calories; promote only after source recipe/ingredient quantities are mapped to source-backed nutrient records.
REG22-0121,North,North India,paratha,Gobi Paratha,Gobhi Paratha,paratha/naan regional literature; NCHMCT Indian regional cuisine; Times of India/NDTV bread/paratha references,candidate—nutrition not yet promoted,Do not use name-only calories; promote only after source recipe/ingredient quantities are mapped to source-backed nutrient records.
REG22-0122,North,North India,paratha,Mooli Paratha,Muli Paratha,paratha/naan regional literature; NCHMCT Indian regional cuisine; Times of India/NDTV bread/paratha references,candidate—nutrition not yet promoted,Do not use name-only calories; promote only after source recipe/ingredient quantities are mapped to source-backed nutrient records.
REG22-0123,North,North India,paratha,Methi Paratha,,paratha/naan regional literature; NCHMCT Indian regional cuisine; Times of India/NDTV bread/paratha references,candidate—nutrition not yet promoted,Do not use name-only calories; promote only after source recipe/ingredient quantities are mapped to source-backed nutrient records.
REG22-0124,North,North India,paratha,Paneer Paratha,,paratha/naan regional literature; NCHMCT Indian regional cuisine; Times of India/NDTV bread/paratha references,candidate—nutrition not yet promoted,Do not use name-only calories; promote only after source recipe/ingredient quantities are mapped to source-backed nutrient records.
REG22-0125,North,North India,paratha,Matar Paratha,Peas Paratha,paratha/naan regional literature; NCHMCT Indian regional cuisine; Times of India/NDTV bread/paratha references,candidate—nutrition not yet promoted,Do not use name-only calories; promote only after source recipe/ingredient quantities are mapped to source-backed nutrient records.
REG22-0126,North,North India,paratha,Pyaz Paratha,Onion Paratha,paratha/naan regional literature; NCHMCT Indian regional cuisine; Times of India/NDTV bread/paratha references,candidate—nutrition not yet promoted,Do not use name-only calories; promote only after source recipe/ingredient quantities are mapped to source-backed nutrient records.
REG22-0127,North,North India,paratha,Palak Paratha,Spinach Paratha,paratha/naan regional literature; NCHMCT Indian regional cuisine; Times of India/NDTV bread/paratha references,candidate—nutrition not yet promoted,Do not use name-only calories; promote only after source recipe/ingredient quantities are mapped to source-backed nutrient records.
REG22-0128,North,North India,paratha,Dal Paratha,,paratha/naan regional literature; NCHMCT Indian regional cuisine; Times of India/NDTV bread/paratha references,candidate—nutrition not yet promoted,Do not use name-only calories; promote only after source recipe/ingredient quantities are mapped to source-backed nutrient records.
REG22-0129,North,North India,paratha,Sattu Paratha,,paratha/naan regional literature; NCHMCT Indian regional cuisine; Times of India/NDTV bread/paratha references,candidate—nutrition not yet promoted,Do not use name-only calories; promote only after source recipe/ingredient quantities are mapped to source-backed nutrient records.
REG22-0130,North,North India,paratha,Pudina Paratha,Mint Paratha,paratha/naan regional literature; NCHMCT Indian regional cuisine; Times of India/NDTV bread/paratha references,candidate—nutrition not yet promoted,Do not use name-only calories; promote only after source recipe/ingredient quantities are mapped to source-backed nutrient records.
REG22-0131,North,North India,paratha,Keema Paratha,Qeema Paratha,paratha/naan regional literature; NCHMCT Indian regional cuisine; Times of India/NDTV bread/paratha references,candidate—nutrition not yet promoted,Do not use name-only calories; promote only after source recipe/ingredient quantities are mapped to source-backed nutrient records.
REG22-0132,North,North India,paratha,Anda Paratha,Egg Paratha,paratha/naan regional literature; NCHMCT Indian regional cuisine; Times of India/NDTV bread/paratha references,candidate—nutrition not yet promoted,Do not use name-only calories; promote only after source recipe/ingredient quantities are mapped to source-backed nutrient records.
REG22-0133,North,North India,paratha,Makhuni Paratha,,paratha/naan regional literature; NCHMCT Indian regional cuisine; Times of India/NDTV bread/paratha references,candidate—nutrition not yet promoted,Do not use name-only calories; promote only after source recipe/ingredient quantities are mapped to source-backed nutrient records.
REG22-0134,North,Awadh,paratha,Warqi Paratha,,paratha/naan regional literature; NCHMCT Indian regional cuisine; Times of India/NDTV bread/paratha references,candidate—nutrition not yet promoted,Do not use name-only calories; promote only after source recipe/ingredient quantities are mapped to source-backed nutrient records.
REG22-0135,North,Haryana,paratha,Murthal Paratha,,paratha/naan regional literature; NCHMCT Indian regional cuisine; Times of India/NDTV bread/paratha references,candidate—nutrition not yet promoted,Do not use name-only calories; promote only after source recipe/ingredient quantities are mapped to source-backed nutrient records.
REG22-0136,West,Maharashtra,paratha,Baida Roti,Egg/meat stuffed flatbread,paratha/naan regional literature; NCHMCT Indian regional cuisine; Times of India/NDTV bread/paratha references,candidate—nutrition not yet promoted,Do not use name-only calories; promote only after source recipe/ingredient quantities are mapped to source-backed nutrient records.
REG22-0137,South,Kerala,parotta,Malabar Parotta,Kerala Parotta,paratha/naan regional literature; NCHMCT Indian regional cuisine; Times of India/NDTV bread/paratha references,candidate—nutrition not yet promoted,Do not use name-only calories; promote only after source recipe/ingredient quantities are mapped to source-backed nutrient records.
REG22-0138,South,Tamil Nadu,parotta,Veechu Parotta,,paratha/naan regional literature; NCHMCT Indian regional cuisine; Times of India/NDTV bread/paratha references,candidate—nutrition not yet promoted,Do not use name-only calories; promote only after source recipe/ingredient quantities are mapped to source-backed nutrient records.
REG22-0139,South,Tamil Nadu,parotta,Bun Parotta,,paratha/naan regional literature; NCHMCT Indian regional cuisine; Times of India/NDTV bread/paratha references,candidate—nutrition not yet promoted,Do not use name-only calories; promote only after source recipe/ingredient quantities are mapped to source-backed nutrient records.
REG22-0140,South,Tamil Nadu,parotta,Ceylon Parotta,,paratha/naan regional literature; NCHMCT Indian regional cuisine; Times of India/NDTV bread/paratha references,candidate—nutrition not yet promoted,Do not use name-only calories; promote only after source recipe/ingredient quantities are mapped to source-backed nutrient records.
REG22-0141,South,Tamil Nadu,parotta,Kothu Parotta,,paratha/naan regional literature; NCHMCT Indian regional cuisine; Times of India/NDTV bread/paratha references,candidate—nutrition not yet promoted,Do not use name-only calories; promote only after source recipe/ingredient quantities are mapped to source-backed nutrient records.
REG22-0142,South,Karnataka,paratha,Bidari Paratha,Bidar Paratha,paratha/naan regional literature; NCHMCT Indian regional cuisine; Times of India/NDTV bread/paratha references,candidate—nutrition not yet promoted,Do not use name-only calories; promote only after source recipe/ingredient quantities are mapped to source-backed nutrient records.
