food_id,source_record_id,source_name,family,food_group,scientific_name,aliases,energy_kcal,protein_g,carb_g,fat_g,data_status,nutrition_basis,resolution_rule,gofit_note
GF-ING-00330,N001,"Chicken, poultry, leg, skinless",chicken/poultry,Poultry,,"Chicken, poultry, leg, skinless; Murgir Theng/Bhori; Murgir Thyang/Ran; Marghi ni Tang; Murga Tang/Murgi ki Raan; Koli Kaalu; Syiar Kjat; Kombi Paayn/Paanv; Kozhi Kaal; Yen Khong; Kombdi Tangdi/Mandi; Kukhura ko Khutta; Kukuda Goda; Murge di Latt/Raan; Kodi Kaallu; Murgh ki Tang/Raan.",383.604206500956,19.44,0.0,12.64,source_backed_ifct2017,per_100g,Preserve species/cut/state; do not map to generic chicken/mutton/fish.,Preserve species/cut/preparation; use exact source record.
GF-ING-00331,N002,"Chicken, poultry, thigh, skinless",chicken/poultry,Poultry,,"Chicken, poultry, thigh, skinless; Murgir Ran; Marghi ni Saathal; Murge ki Raan/Jangh; Koli Thode; Syiar Lbong; Kombiecho Mandi; Kozhi Thuda; Yenpham; Kombdichi Mandi; Kukhura ko Tighra; Kukuda Ran; Murge di Patt/Raan; Kozhi Thodai; Kodi Thodala Mamsam; Murgh ki Raan.",199.80879541108985,18.18,0.0,14.23,source_backed_ifct2017,per_100g,Preserve species/cut/state; do not map to generic chicken/mutton/fish.,Preserve species/cut/preparation; use exact source record.
GF-ING-00332,N003,"Chicken, poultry, breast, skinless",chicken/poultry,Poultry,,"Chicken, poultry, breast, skinless; Murgir Buku; Murgir Book; Marghi ni Chhaati; Murge ka Seena; Koli Ede Mamsa; Syiar Shadem; Kombiechem Hadoo; Kozhi Maaridam/Nenju; Yen Thangbak; Kombdichi Chhaati; Kukhura ko Chhati; Kukuda Chhati; Murge da Seena; Kozhi Maarbu Kari; Kodi Chaati Mamsam; Murgh ka Seena.",168.26003824091777,21.81,0.0,9.0,source_backed_ifct2017,per_100g,Preserve species/cut/state; do not map to generic chicken/mutton/fish.,Preserve species/cut/preparation; use exact source record.
GF-ING-00333,N004,"Chicken, poultry, wing, skinless",chicken/poultry,Poultry,,"Chicken, poultry, wing, skinless; Murgir Pakhi; Murgir Dana/Pakha; Marghi ni Pankh; Murge ka Par/Pankh; Koli Rekke; Syiar Thapniang; Kombiechem Pakhattem; Kozhi Chiraku; Yen Manam; Kombdiche Pankh; Kukhura ko Pankheta; Kukuda Dena; Murge da Par; Kozhi Irakkai; Kodi Rekka; Murgh ka Par.",192.87762906309752,17.42,0.0,13.81,source_backed_ifct2017,per_100g,Preserve species/cut/state; do not map to generic chicken/mutton/fish.,Preserve species/cut/preparation; use exact source record.
GF-ING-00334,N005,"Poultry, chicken, liver",chicken/poultry,Poultry,,"Poultry, chicken, liver; Murgir Kolija; Murgir Mete/Kolija; Marghi nu Kaleju; Murge ki Kaleji; Koli Yakrit/Pittakosha; Syiar Dohjem; Kombiechem Kalliz; Kozhi Karal; Yen Thin; Kombdiche Kaleji; Kukhura ko Kalejo; Kukuda Kalija; Murge di Kaleji; Kozhi Eeral; Kodi Kaleyam; Murgh ki Kaleji.",123.80497131931166,21.57,0.0,4.08,source_backed_ifct2017,per_100g,Preserve species/cut/state; do not map to generic chicken/mutton/fish.,Preserve species/cut/preparation; use exact source record.
GF-ING-00335,N006,"Poultry, chicken, gizzard",chicken/poultry,Poultry,,"Poultry, chicken, gizzard; Murgir Pathri; Murgir Gila; Marghi ni Pathri; Murge ki Pathri/Sangdana; Koli Gijjarda; ?.; Kombiechem Pot; Kozhi Avanakkaaya; Yen Kok; Kombdiche Pot/Vajri; Kukhura ko Jyanamara; Kukuda Pathri; Murge di Pathri; Kozhi Gundaikkai; Kodi Gizzardu; Murgh ki Pathri.",92.25621414913958,18.22,0.0,2.07,source_backed_ifct2017,per_100g,Preserve species/cut/state; do not map to generic chicken/mutton/fish.,Preserve species/cut/preparation; use exact source record.
GF-ING-00336,N007,"Country hen, leg, with skin",chicken/poultry,Poultry,,"Country hen, leg, with skin; Ghironiya Murgir Theng/Bhori; Deshi Murgir Thyang/Ran; Desi Marghi ni Tang; Desi Murge ki Tang/Raan; Naati Koli Kaalu; Syiar Shnong Kjat; Gavtti Kombiecho Paayn; Naadan Kozhi Kaal; Yumshan Yen Khong; Gavran Kombdichi Tangdi; Sthaniya Kukhura ko Khutta; Desi Kukuda Goda; Desi Murge di Latt/Raan; Naattu Kozhi Kaal; Naatu Kodi Kaallu; Desi Murgh ki Tang/Raan.",172.80114722753345,17.01,0.0,11.73,source_backed_ifct2017,per_100g,Preserve species/cut/state; do not map to generic chicken/mutton/fish.,Preserve species/cut/preparation; use exact source record.
GF-ING-00337,N008,"Country hen, thigh, with skin",chicken/poultry,Poultry,,"Country hen, thigh, with skin; Ghironiya Murgir Ran; Deshi Murgir Ran; Desi Marghi ni Saathal; Desi Murge ki Raan/Jangh; Naati Koli Thode; Syiar Shnong Lbong; Gavtti Kombiecho Mandi; Naadan Kozhi Thuda; Yumshan Yenpham; Gavran Kombdichi Mandi; Sthaniya Kukhura ko Tighra; Desi Kukuda Ran; Desi Murge di Patt/Raan; Naattu Kozhi Thodai; Naatu Kodi Thodala Mamsam; Desi Murgh ki Raan.",187.6195028680688,18.29,0.0,12.82,source_backed_ifct2017,per_100g,Preserve species/cut/state; do not map to generic chicken/mutton/fish.,Preserve species/cut/preparation; use exact source record.
GF-ING-00338,N009,"Country hen, breast, with skin",chicken/poultry,Poultry,,"Country hen, breast, with skin; Ghironiya Murgir Buku; Deshi Murgir Book; Desi Marghi ni Chhaati; Desi Murge ka Seena; Naati Koli Ede Mamsa; Syiar Shnong Shadem; Gavtti Kombiechem Hadoo; Naadan Kozhi Maaridam/Nenju; Yumshan Yen Thangbak; Gavran Kombdichi Chhaati; Sthaniya Kukhura ko Chhati; Desi Kukuda Chhati; Desi Murge da Seena; Naattu Kozhi Maarbu Kari; Naatu Kodi Chaati Mamsam; Desi Murgh ka Seena.",179.97131931166348,22.08,0.0,10.2,source_backed_ifct2017,per_100g,Preserve species/cut/state; do not map to generic chicken/mutton/fish.,Preserve species/cut/preparation; use exact source record.
GF-ING-00339,N010,"Country hen, wing, with skin",chicken/poultry,Poultry,,"Country hen, wing, with skin; Ghironiya Murgir Pakhi; Deshi Murgir Dana/Pakha; Desi Marghi ni Pankh; Desi Murge ka Par/Pankh; Naati Koli Rekke; Syiar Shnong Thapniang; Gavtti Kombiechem Pakhattem; Naadan Kozhi Chiraku; Yumshan Yen Manam; Gavran Kombdiche Pankh; Sthaniya Kukhura ko Pankheta; Desi Kukuda Dena; Desi Murge da Par; Naattu Kozhi Irakkai; Naatu Kodi Rekka; Desi Murgh ka Par.",182.60038240917785,18.65,0.0,12.09,source_backed_ifct2017,per_100g,Preserve species/cut/state; do not map to generic chicken/mutton/fish.,Preserve species/cut/preparation; use exact source record.
GF-ING-00340,N011,"Duck, meat, with skin",other poultry,Poultry,,"Duck, meat, with skin; Hahor Mangho; Haasher Mangsho; Batak nu Mas; Batakh ka Gosht; Batu Mamsa; Doh Sniang; Badkachem Maas; Thaaraavu Irachi; Nganu Sha; Badakache Mas; Haas ko Masu; Bataka Mansa; Batakh da Gosht; Vaathu Irachi; Baathu Mamsam; Batakh ka Gosht.",130.736137667304,19.07,0.0,6.03,source_backed_ifct2017,per_100g,Preserve species/cut/state; do not map to generic chicken/mutton/fish.,Preserve species/cut/preparation; use exact source record.
GF-ING-00341,N012,"Emu, meat, skinless",other poultry,Poultry,,"Emu, meat, skinless; Emu Gosht; Emu Kari; Emu Mamsam. (Names in other languages are less common or borrowed).",132.887189292543,22.65,0.0,4.62,source_backed_ifct2017,per_100g,Preserve species/cut/state; do not map to generic chicken/mutton/fish.,Preserve species/cut/preparation; use exact source record.
GF-ING-00342,N013,"Guinea fowl, meat, with skin",other poultry,Poultry,,"Guinea fowl, meat, with skin; Guinea Murga Gosht; Guinea Kozhi Kari; Guinea Kodi Mamsam. (Names often descriptive combinations).",112.09369024856596,20.52,0.0,3.24,source_backed_ifct2017,per_100g,Preserve species/cut/state; do not map to generic chicken/mutton/fish.,Preserve species/cut/preparation; use exact source record.
GF-ING-00343,N014,"Pigeon, meat, with skin",other poultry,Poultry,,"Pigeon, meat, with skin; Paror Mangho; Payra Mangsho; Kabutar nu Mas; Kabutar ka Gosht; Paarivaala Mamsa; Paro Doh; Parveachem Maas; Praavu Irachi; Khunu Sha; Kabutarache Mas; Parewa ko Masu; Para Mansa; Kabutar da Gosht; Puraa Irachi; Paavuramu Mamsam; Kabutar ka Gosht.",126.19502868068834,17.94,0.0,6.03,source_backed_ifct2017,per_100g,Preserve species/cut/state; do not map to generic chicken/mutton/fish.,Preserve species/cut/preparation; use exact source record.
GF-ING-00344,N015,"Quail, meat, skinless",other poultry,Poultry,,"Quail, meat, skinless; ?. Mangho; Bater Mangsho; ?. Mas; Bater ka Gosht; ?. Mamsa; ?. Doh; ?. Maas; Kaada Irachi; ?. Sha; Lavari Mas; Batai ko Masu; Batera Mansa; Bater da Gosht; Kaadai Irachi; Burusu Pitta Mamsam; Bater ka Gosht.",137.66730401529637,20.92,0.0,5.95,source_backed_ifct2017,per_100g,Preserve species/cut/state; do not map to generic chicken/mutton/fish.,Preserve species/cut/preparation; use exact source record.
GF-ING-00345,N016,"Turkey, leg, with skin",other poultry,Poultry,,"Turkey, leg, with skin; Turkey ki Tang/Raan; Turkey Kaal; Turkey Kaallu. (Often borrowed name + leg term).",154.63671128107077,20.3,0.0,8.15,source_backed_ifct2017,per_100g,Preserve species/cut/state; do not map to generic chicken/mutton/fish.,Preserve species/cut/preparation; use exact source record.
GF-ING-00346,N017,"Turkey, thigh, with skin",other poultry,Poultry,,"Turkey, thigh, with skin; Turkey ki Raan/Jangh; Turkey Thodai; Turkey Thodalu.",138.8623326959847,20.46,0.0,6.31,source_backed_ifct2017,per_100g,Preserve species/cut/state; do not map to generic chicken/mutton/fish.,Preserve species/cut/preparation; use exact source record.
GF-ING-00347,N018,"Turkey, breast, with skin",other poultry,Poultry,,"Turkey, breast, with skin; Turkey ka Seena; Turkey Maarbu Kari; Turkey Chaati Mamsam.",160.37284894837475,21.96,0.0,8.04,source_backed_ifct2017,per_100g,Preserve species/cut/state; do not map to generic chicken/mutton/fish.,Preserve species/cut/preparation; use exact source record.
GF-ING-00348,N019,"Turkey, wing, with skin",other poultry,Poultry,,"Turkey, wing, with skin; Turkey ka Par/Pankh; Turkey Irakkai; Turkey Rekka.",184.2734225621415,21.91,0.0,10.77,source_backed_ifct2017,per_100g,Preserve species/cut/state; do not map to generic chicken/mutton/fish.,Preserve species/cut/preparation; use exact source record.
GF-ING-00349,O001,"Goat, shoulder, meat",goat/mutton,Animal Meat,,"Goat, shoulder, meat; Sagolir Kandh; Pathar Kandh; Bakri no Khabho; Bakre ka Kandha/Dast; Aadina/Meke Bhujada Mamsa; Blang Tyrpeng; Bokdyaacho Khand; Aattin Chumal Irachi; Hameng Leikha?; Bakriche Khande; Bakhrako Kaandh; Chheli Kandha Mansa; Bakre da Modha; Aattu Tholpattai Kari; Meka Bhujamu Mamsam; Bakre ka Kandha/Shana.",188.09751434034416,20.33,0.0,11.94,source_backed_ifct2017,per_100g,Preserve species/cut/state; do not map to generic chicken/mutton/fish.,Indian 'mutton' should not collapse goat and sheep; preserve source species.
GF-ING-00350,O002,"Goat, chops",goat/mutton,Animal Meat,,"Goat, chops; Pathar Chaap; Bakre ki Champ; Bakre di Champ; Bakre ki Champ. (Often borrowed term 'Chop/Champ').",135.75525812619503,20.39,0.0,5.98,source_backed_ifct2017,per_100g,Preserve species/cut/state; do not map to generic chicken/mutton/fish.,Indian 'mutton' should not collapse goat and sheep; preserve source species.
GF-ING-00351,O003,"Goat, legs",goat/mutton,Animal Meat,,"Goat, legs; Sagolir Theng; Pathar Thyang; Bakri na Tang; Bakre ki Tangein; Aadina/Meke Kaalugalu; Blang Kjat; Bokdyaachem Paayn; Aattin Kaalukal; Hameng Khong; Bakriche Paay; Bakhrako Khutta; Chheli Goda; Bakre di Lattein; Aattu Kaalgal; Meka Kaallu; Bakre ki Tangein.",159.8948374760994,22.07,0.0,7.94,source_backed_ifct2017,per_100g,Preserve species/cut/state; do not map to generic chicken/mutton/fish.,Indian 'mutton' should not collapse goat and sheep; preserve source species.
GF-ING-00352,O004,"Goat, brain",goat/mutton,Animal Meat,,"Goat, brain; Sagolir Mogoj; Pathar Magaj; Bakri nu Bheju; Bakre ka Bheja/Maghaz; Aadina/Meke Medulu; Blang Jynkhlieh; Bokdyaacho Mendu; Aattin Thalacchoru; Hameng Kok?; Bakricha Mendu; Bakhrako Gidi; Chheli Mogoj; Bakre da Bheja; Aattu Moolai; Meka Medadu; Bakre ka Maghaz.",127.39005736137666,13.82,0.0,8.06,source_backed_ifct2017,per_100g,Preserve species/cut/state; do not map to generic chicken/mutton/fish.,Indian 'mutton' should not collapse goat and sheep; preserve source species.
GF-ING-00353,O005,"Goat, tongue",goat/mutton,Animal Meat,,"Goat, tongue; Sagolir Jibha; Pathar Jibh; Bakri ni Jeebh; Bakre ki Zabaan/Jeebh; Aadina/Meke Naalige; Blang Thyndiat?; Bokdyaachi Jeeb; Aattin Naavu; Hameng Lei; Bakrichi Jeebh; Bakhrako Jibro; Chheli Jibha; Bakre di Jeebh; Aattu Naakku; Meka Naluka; Bakre ki Zabaan.",188.5755258126195,16.63,0.0,13.68,source_backed_ifct2017,per_100g,Preserve species/cut/state; do not map to generic chicken/mutton/fish.,Indian 'mutton' should not collapse goat and sheep; preserve source species.
GF-ING-00354,O006,"Goat, lungs",goat/mutton,Animal Meat,,"Goat, lungs; Sagolir Phopsa; Pathar Phusphus; Bakri na Fefsa; Bakre ke Phephde; Aadina/Meke Shwasakosha; Blang Tor?; Bokdyaachem Kalsanchem?; Aattin Shwasakosham; Hameng Thamoimon?; Bakriche Phupphus; Bakhrako Phokso; Chheli Phusphus; Bakre de Phephde; Aattu Nuraiyeeral; Meka Oopirithitthulu; Bakre ke Phephde.",95.84130019120458,16.86,0.0,3.09,source_backed_ifct2017,per_100g,Preserve species/cut/state; do not map to generic chicken/mutton/fish.,Indian 'mutton' should not collapse goat and sheep; preserve source species.
GF-ING-00355,O007,"Goat, heart",goat/mutton,Animal Meat,,"Goat, heart; Sagolir Hirdaya; Pathar Hritpinda; Bakri nu Haiyu/Dil; Bakre ka Dil; Aadina/Meke Hrudaya; Blang Klongsnam?; Bokdyaachem Kalliz; Aattin Hrudayam; Hameng Thamoi; Bakriche Kallij/Rudhaya; Bakhrako Mutu; Chheli Hritpinda; Bakre da Dil; Aattu Idhayam; Meka Gunde; Bakre ka Dil.",117.59082217973231,19.38,0.0,4.4,source_backed_ifct2017,per_100g,Preserve species/cut/state; do not map to generic chicken/mutton/fish.,Indian 'mutton' should not collapse goat and sheep; preserve source species.
GF-ING-00356,O008,"Goat, liver",goat/mutton,Animal Meat,,"Goat, liver; Sagolir Kolija; Pathar Mete/Kolija; Bakri nu Kaleju; Bakre ki Kaleji; Aadina/Meke Yakrit; Blang Dohjem; Bokdyaachem Kalliz; Aattin Karal; Hameng Thin; Bakriche Kaleji; Bakhrako Kalejo; Chheli Kalija; Bakre di Kaleji; Aattu Eeral; Meka Kaleyam; Bakre ki Kaleji.",125.717017208413,20.32,0.0,4.88,source_backed_ifct2017,per_100g,Preserve species/cut/state; do not map to generic chicken/mutton/fish.,Indian 'mutton' should not collapse goat and sheep; preserve source species.
GF-ING-00357,O009,"Goat, tripe",goat/mutton,Animal Meat,,"Goat, tripe; Pathar Bhuri/Butt; Bakre ki Ojri/Boti; Aattin Kudal; Bakrichi Vajri; Chheli Ojhri; Bakre di Ojri; Aattu Kudal; Meka Pottikadupu; Bakre ki Ojri.",92.25621414913958,15.36,0.0,3.36,source_backed_ifct2017,per_100g,Preserve species/cut/state; do not map to generic chicken/mutton/fish.,Indian 'mutton' should not collapse goat and sheep; preserve source species.
GF-ING-00358,O010,"Goat, spleen",goat/mutton,Animal Meat,,"Goat, spleen; Sagolir Pliha; Pathar Pliha; Bakri ni Barol; Bakre ki Tilli; Aadina/Meke Pliha; ?.; Bokdyaachem Pano?; Aattin Pliha; Hameng Pliha?; Bakrichi Panthari; Bakhrako Phiyo; Chheli Pliha; Bakre di Tilli; Aattu Manneral/Suvarotti; Meka Plihamu; Bakre ki Tilli.",95.84130019120458,18.45,0.0,2.37,source_backed_ifct2017,per_100g,Preserve species/cut/state; do not map to generic chicken/mutton/fish.,Indian 'mutton' should not collapse goat and sheep; preserve source species.
GF-ING-00359,O011,"Goat, kidneys",goat/mutton,Animal Meat,,"Goat, kidneys; Sagolir Kankalam; Pathar Brikko; Bakri na Gurda; Bakre ke Gurde; Aadina/Meke Mutrapinda; Blang Nier?; Bokdyaachem Mutpin; Aattin Vrikka; ?.; Bakriche Gurde/Mutrapind; Bakhrako Mirgaula; Chheli Brikko; Bakre de Gurde; Aattu Siruneeragam; Meka Mutrapindalu; Bakre ke Gurde.",89.38814531548756,15.6,0.0,2.93,source_backed_ifct2017,per_100g,Preserve species/cut/state; do not map to generic chicken/mutton/fish.,Indian 'mutton' should not collapse goat and sheep; preserve source species.
GF-ING-00360,O012,"Goat, tube (small intestine)",goat/mutton,Animal Meat,,"Goat, tube (small intestine); Pathar Nari; Bakre ki Aant; Aattin Kudal; Bakrichi Aantadi; Chheli Anta; Bakre di Aant; Aattu Kudal; Meka Karulu; Bakre ki Aant.",125.47801147227533,12.92,0.0,8.26,source_backed_ifct2017,per_100g,Preserve species/cut/state; do not map to generic chicken/mutton/fish.,Indian 'mutton' should not collapse goat and sheep; preserve source species.
GF-ING-00361,O013,"Goat, testis",goat/mutton,Animal Meat,,"Goat, testis; Pathar Andakosh; Bakre ke Kapure; Aattin Andam; Bakriche Andkosh; Chheli Andakosha; Bakre de Kapure; Aattu Virai; Meka Vushanam; Bakre ke Kapure.",71.22370936902486,12.32,0.0,2.39,source_backed_ifct2017,per_100g,Preserve species/cut/state; do not map to generic chicken/mutton/fish.,Indian 'mutton' should not collapse goat and sheep; preserve source species.
GF-ING-00362,O014,"Sheep, shoulder",sheep/mutton,Animal Meat,,"Sheep, shoulder; Bherar Kandh; Gheta no Khabho; Bhed ka Kandha/Dast; Kuri Bhujada Mamsa; Langbrot Tyrpeng; Sheracho Khand; Chemmariyattin Chumal Irachi; Mendhiche Khande; Bheda ko Kaandh; Mendha Kandha Mansa; Bhed da Modha; Semmari Aattu Tholpattai Kari; Gorre Bhujamu Mamsam; Bhed ka Kandha/Shana.",200.76481835564053,18.24,0.0,14.31,source_backed_ifct2017,per_100g,Preserve species/cut/state; do not map to generic chicken/mutton/fish.,Indian 'mutton' should not collapse goat and sheep; preserve source species.
GF-ING-00363,O015,"Sheep, chops",sheep/mutton,Animal Meat,,"Sheep, chops; Bherar Chaap; Bhed ki Champ; Bhed di Champ; Bhed ki Champ.",118.54684512428298,18.0,0.0,5.15,source_backed_ifct2017,per_100g,Preserve species/cut/state; do not map to generic chicken/mutton/fish.,Indian 'mutton' should not collapse goat and sheep; preserve source species.
GF-ING-00364,O016,"Sheep, leg",sheep/mutton,Animal Meat,,"Sheep, leg; Bherar Theng; Bherar Thyang; Gheta na Tang; Bhed ki Tangein; Kuri Kaalugalu; Langbrot Kjat; Sherachem Paayn; Chemmariyattin Kaalukal; Mendhiche Paay; Bheda ko Khutta; Mendha Goda; Bhed di Lattein; Semmari Aattu Kaalgal; Gorre Kaallu; Bhed ki Tangein.",163.95793499043975,21.42,0.0,8.69,source_backed_ifct2017,per_100g,Preserve species/cut/state; do not map to generic chicken/mutton/fish.,Indian 'mutton' should not collapse goat and sheep; preserve source species.
GF-ING-00365,O017,"Sheep, brain",sheep/mutton,Animal Meat,,"Sheep, brain; Bherar Mogoj; Bherar Magaj; Gheta nu Bheju; Bhed ka Bheja/Maghaz; Kuri Medulu; Langbrot Jynkhlieh; Sheracho Mendu; Chemmariyattin Thalacchoru; Mendhicha Mendu; Bheda ko Gidi; Mendha Mogoj; Bhed da Bheja; Semmari Aattu Moolai; Gorre Medadu; Bhed ka Maghaz.",117.59082217973231,13.05,0.0,7.29,source_backed_ifct2017,per_100g,Preserve species/cut/state; do not map to generic chicken/mutton/fish.,Indian 'mutton' should not collapse goat and sheep; preserve source species.
GF-ING-00366,O018,"Sheep, tongue",sheep/mutton,Animal Meat,,"Sheep, tongue; Bherar Jibha; Bherar Jibh; Gheta ni Jeebh; Bhed ki Zabaan/Jeebh; Kuri Naalige; Langbrot Thyndiat?; Sherachi Jeeb; Chemmariyattin Naavu; Mendhichi Jeebh; Bheda ko Jibro; Mendha Jibha; Bhed di Jeebh; Semmari Aattu Naakku; Gorre Naluka; Bhed ki Zabaan.",187.14149139579348,16.61,0.0,13.53,source_backed_ifct2017,per_100g,Preserve species/cut/state; do not map to generic chicken/mutton/fish.,Indian 'mutton' should not collapse goat and sheep; preserve source species.
GF-ING-00367,O019,"Sheep, lungs",sheep/mutton,Animal Meat,,"Sheep, lungs; Bherar Phopsa; Bherar Phusphus; Gheta na Fefsa; Bhed ke Phephde; Kuri Shwasakosha; Langbrot Tor?; Sherachem Kalsanchem?; Chemmariyattin Shwasakosham; Mendhiche Phupphus; Bheda ko Phokso; Mendha Phusphus; Bhed de Phephde; Semmari Aattu Nuraiyeeral; Gorre Oopirithitthulu; Bhed ke Phephde.",86.75908221797323,16.12,0.0,2.41,source_backed_ifct2017,per_100g,Preserve species/cut/state; do not map to generic chicken/mutton/fish.,Indian 'mutton' should not collapse goat and sheep; preserve source species.
GF-ING-00368,O020,"Sheep, heart",sheep/mutton,Animal Meat,,"Sheep, heart; Bherar Hirdaya; Bherar Hritpinda; Gheta nu Haiyu/Dil; Bhed ka Dil; Kuri Hrudaya; Langbrot Klongsnam?; Sherachem Kalliz; Chemmariyattin Hrudayam; Mendhiche Kallij/Rudhaya; Bheda ko Mutu; Mendha Hritpinda; Bhed da Dil; Semmari Aattu Idhayam; Gorre Gunde; Bhed ka Dil.",106.35755258126194,18.19,0.0,3.66,source_backed_ifct2017,per_100g,Preserve species/cut/state; do not map to generic chicken/mutton/fish.,Indian 'mutton' should not collapse goat and sheep; preserve source species.
GF-ING-00369,O021,"Sheep, liver",sheep/mutton,Animal Meat,,"Sheep, liver; Bherar Kolija; Bherar Mete/Kolija; Gheta nu Kaleju; Bhed ki Kaleji; Kuri Yakrit; Langbrot Dohjem; Sherachem Kalliz; Chemmariyattin Karal; Mendhiche Kaleji; Bheda ko Kalejo; Mendha Kalija; Bhed di Kaleji; Semmari Aattu Eeral; Gorre Kaleyam; Bhed ki Kaleji.",133.60420650095602,22.26,0.0,4.87,source_backed_ifct2017,per_100g,Preserve species/cut/state; do not map to generic chicken/mutton/fish.,Indian 'mutton' should not collapse goat and sheep; preserve source species.
GF-ING-00370,O022,"Sheep, tripe",sheep/mutton,Animal Meat,,"Sheep, tripe; Bherar Bhuri/Butt; Bhed ki Ojri/Boti; Chemmariyattin Kudal; Mendhichi Vajri; Mendha Ojhri; Bhed di Ojri; Semmari Aattu Kudal; Gorre Pottikadupu; Bhed ki Ojri.",103.96749521988528,16.76,0.0,4.05,source_backed_ifct2017,per_100g,Preserve species/cut/state; do not map to generic chicken/mutton/fish.,Indian 'mutton' should not collapse goat and sheep; preserve source species.
GF-ING-00371,O023,"Sheep, spleen",sheep/mutton,Animal Meat,,"Sheep, spleen; Bherar Pliha; Gheta ni Barol; Bhed ki Tilli; Kuri Pliha; ?.; Sherachem Pano?; Chemmariyattin Pliha; Mendhichi Panthari; Bheda ko Phiyo; Mendha Pliha; Bhed di Tilli; Semmari Aattu Manneral/Suvarotti; Gorre Plihamu; Bhed ki Tilli.",91.77820267686424,16.02,0.0,3.02,source_backed_ifct2017,per_100g,Preserve species/cut/state; do not map to generic chicken/mutton/fish.,Indian 'mutton' should not collapse goat and sheep; preserve source species.
GF-ING-00372,O024,"Sheep, kidneys",sheep/mutton,Animal Meat,,"Sheep, kidneys; Bherar Kankalam; Bherar Brikko; Gheta na Gurda; Bhed ke Gurde; Kuri Mutrapinda; Langbrot Nier?; Sherachem Mutpin; Chemmariyattin Vrikka; Mendhiche Gurde/Mutrapind; Bheda ko Mirgaula; Mendha Brikko; Bhed de Gurde; Semmari Aattu Siruneeragam; Gorre Mutrapindalu; Bhed ke Gurde.",91.77820267686424,16.22,0.0,2.92,source_backed_ifct2017,per_100g,Preserve species/cut/state; do not map to generic chicken/mutton/fish.,Indian 'mutton' should not collapse goat and sheep; preserve source species.
GF-ING-00373,O025,"Beef, shoulder",beef,Animal Meat,,"Beef, shoulder; Goru Kandh; Gaay ka Kandha/Dast; Dana Bhujada Mamsa; Masidab Tyrpeng; Gaayicho Khand; Pothirachi Chumal; Gaiche Khande; Gai ko Kaandh; Goru Kandha Mansa; Gaaye da Modha; Maattu Tholpattai Kari; Aavu Bhujamu Mamsam; Gaay ka Kandha/Shana.",212.4760994263862,20.56,0.0,14.59,source_backed_ifct2017,per_100g,Preserve species/cut/state; do not map to generic chicken/mutton/fish.,Preserve species/cut/preparation; use exact source record.
GF-ING-00374,O026,"Beef, chops",beef,Animal Meat,,"Beef, chops; Gorur Chaap; Gaay ki Champ; Gaaye di Champ; Gaay ki Champ.",139.81835564053537,19.82,0.0,6.71,source_backed_ifct2017,per_100g,Preserve species/cut/state; do not map to generic chicken/mutton/fish.,Preserve species/cut/preparation; use exact source record.
GF-ING-00375,O027,"Beef, round (leg)",beef,Animal Meat,,"Beef, round (leg); Gorur Ran; Gaay ki Raan; Dana Thode Mamsa; Masidab Lbong; Gaayichi Mandi; Pothirachi Thuda; Gaichi Mandi; Gai ko Tighra; Goru Ran Mansa; Gaaye di Raan; Maattu Thodai Kari; Aavu Thodala Mamsam; Gaay ki Raan.",157.2657743785851,22.64,0.0,7.38,source_backed_ifct2017,per_100g,Preserve species/cut/state; do not map to generic chicken/mutton/fish.,Preserve species/cut/preparation; use exact source record.
GF-ING-00376,O028,"Beef, brain",beef,Animal Meat,,"Beef, brain; Gorur Magaj; Gaay ka Bheja/Maghaz; Dana Medulu; Masidab Jynkhlieh; Gaayicho Mendu; Pothirachi Thalacchoru; Gaicha Mendu; Gai ko Gidi; Goru Mogoj; Gaaye da Bheja; Maattu Moolai; Aavu Medadu; Gaay ka Maghaz.",125.0,10.55,0.0,9.28,source_backed_ifct2017,per_100g,Preserve species/cut/state; do not map to generic chicken/mutton/fish.,Preserve species/cut/preparation; use exact source record.
GF-ING-00377,O029,"Beef, tongue",beef,Animal Meat,,"Beef, tongue; Gorur Jibh; Gaay ki Zabaan/Jeebh; Dana Naalige; Masidab Thyndiat?; Gaayichi Jeeb; Pothirachi Naavu; Gaichi Jeebh; Gai ko Jibro; Goru Jibha; Gaaye di Jeebh; Maattu Naakku; Aavu Naluka; Gaay ki Zabaan.",174.71319311663478,15.63,0.0,12.57,source_backed_ifct2017,per_100g,Preserve species/cut/state; do not map to generic chicken/mutton/fish.,Preserve species/cut/preparation; use exact source record.
GF-ING-00378,O030,"Beef, lungs",beef,Animal Meat,,"Beef, lungs; Gorur Phusphus; Gaay ke Phephde; Dana Shwasakosha; Masidab Tor?; Gaayichem Kalsanchem?; Pothirachi Shwasakosham; Gaiche Phupphus; Gai ko Phokso; Goru Phusphus; Gaaye de Phephde; Maattu Nuraiyeeral; Aavu Oopirithitthulu; Gaay ke Phephde.",83.89101338432123,15.66,0.0,2.28,source_backed_ifct2017,per_100g,Preserve species/cut/state; do not map to generic chicken/mutton/fish.,Preserve species/cut/preparation; use exact source record.
GF-ING-00379,O031,"Beef, heart",beef,Animal Meat,,"Beef, heart; Gorur Hritpinda; Gaay ka Dil; Dana Hrudaya; Masidab Klongsnam?; Gaayichem Kalliz; Pothirachi Hrudayam; Gaiche Kallij/Rudhaya; Gai ko Mutu; Goru Hritpinda; Gaaye da Dil; Maattu Idhayam; Aavu Gunde; Gaay ka Dil.",103.48948374760994,17.68,0.0,3.57,source_backed_ifct2017,per_100g,Preserve species/cut/state; do not map to generic chicken/mutton/fish.,Preserve species/cut/preparation; use exact source record.
GF-ING-00380,O032,"Beef, liver",beef,Animal Meat,,"Beef, liver; Gorur Mete/Kolija; Gaay ki Kaleji; Dana Yakrit; Masidab Dohjem; Gaayichem Kalliz; Pothirachi Karal; Gaiche Kaleji; Gai ko Kalejo; Goru Kalija; Gaaye di Kaleji; Maattu Eeral; Aavu Kaleyam; Gaay ki Kaleji.",119.26386233269598,20.73,0.0,3.96,source_backed_ifct2017,per_100g,Preserve species/cut/state; do not map to generic chicken/mutton/fish.,Preserve species/cut/preparation; use exact source record.
GF-ING-00381,O033,"Beef, tripe",beef,Animal Meat,,"Beef, tripe; Gorur Bhuri/Butt; Gaay ki Ojri/Boti; Pothirachi Kudal; Gaichi Vajri; Goru Ojhri; Gaaye di Ojri; Maattu Kudal; Aavu Pottikadupu; Gaay ki Ojri.",75.52581261950286,13.1,0.0,2.51,source_backed_ifct2017,per_100g,Preserve species/cut/state; do not map to generic chicken/mutton/fish.,Preserve species/cut/preparation; use exact source record.
GF-ING-00382,O034,"Beef, spleen",beef,Animal Meat,,"Beef, spleen; Gorur Pliha; Gaay ki Tilli; Dana Pliha; ?.; Gaayichem Pano?; Pothirachi Pliha; Gaichi Panthari; Gai ko Phiyo; Goru Pliha; Gaaye di Tilli; Maattu Manneral/Suvarotti; Aavu Plihamu; Gaay ki Tilli.",90.34416826003824,17.42,0.0,2.22,source_backed_ifct2017,per_100g,Preserve species/cut/state; do not map to generic chicken/mutton/fish.,Preserve species/cut/preparation; use exact source record.
GF-ING-00383,O035,"Beef, kidneys",beef,Animal Meat,,"Beef, kidneys; Gorur Brikko; Gaay ke Gurde; Dana Mutrapinda; Masidab Nier?; Gaayichem Mutpin; Pothirachi Vrikka; Gaiche Gurde/Mutrapind; Gai ko Mirgaula; Goru Brikko; Gaaye de Gurde; Maattu Siruneeragam; Aavu Mutrapindalu; Gaay ke Gurde.",104.92351816443596,17.09,0.0,4.01,source_backed_ifct2017,per_100g,Preserve species/cut/state; do not map to generic chicken/mutton/fish.,Preserve species/cut/preparation; use exact source record.
GF-ING-00384,O036,"Calf, shoulder",other red meat,Animal Meat,,"Calf, shoulder; Bachhurer Kandh; Bachhde ka Kandha/Dast; Karu Bhujada Mamsa; ?. Tyrpeng; Padkulem Khand; Kuttyirachi Chumal; Vasrache Khande; Bachcha ko Kaandh; Bachhuri Kandha Mansa; Vachhe da Modha; Kannukutti Tholpattai Kari; Dooda Bhujamu Mamsam; Bachhde ka Kandha/Shana.",151.2906309751434,20.98,0.0,7.47,source_backed_ifct2017,per_100g,Preserve species/cut/state; do not map to generic chicken/mutton/fish.,Preserve species/cut/preparation; use exact source record.
GF-ING-00385,O037,"Calf, chops",other red meat,Animal Meat,,"Calf, chops; Bachhurer Chaap; Bachhde ki Champ; Vachhe di Champ; Bachhde ki Champ.",125.23900573613766,22.47,0.0,3.85,source_backed_ifct2017,per_100g,Preserve species/cut/state; do not map to generic chicken/mutton/fish.,Preserve species/cut/preparation; use exact source record.
GF-ING-00386,O038,"Calf, round (leg)",other red meat,Animal Meat,,"Calf, round (leg); Bachhurer Ran; Bachhde ki Raan; Karu Thode Mamsa; ?. Lbong; Padkulem Mandi; Kuttyirachi Thuda; Vasrachi Mandi; Bachcha ko Tighra; Bachhuri Ran Mansa; Vachhe di Raan; Kannukutti Thodai Kari; Dooda Thodala Mamsam; Bachhde ki Raan.",146.98852772466535,21.1,0.0,6.92,source_backed_ifct2017,per_100g,Preserve species/cut/state; do not map to generic chicken/mutton/fish.,Preserve species/cut/preparation; use exact source record.
GF-ING-00387,O039,"Calf, brain",other red meat,Animal Meat,,"Calf, brain; Bachhurer Magaj; Bachhde ka Bheja/Maghaz; Karu Medulu; ?. Jynkhlieh; Padkulem Mendu; Kuttyirachi Thalacchoru; Vasracha Mendu; Bachcha ko Gidi; Bachhuri Mogoj; Vachhe da Bheja; Kannukutti Moolai; Dooda Medadu; Bachhde ka Maghaz.",107.07456978967495,9.84,0.0,7.6,source_backed_ifct2017,per_100g,Preserve species/cut/state; do not map to generic chicken/mutton/fish.,Preserve species/cut/preparation; use exact source record.
GF-ING-00388,O040,"Calf, tongue",other red meat,Animal Meat,,"Calf, tongue; Bachhurer Jibh; Bachhde ki Zabaan/Jeebh; Karu Naalige; ?. Thyndiat?; Padkulem Jeeb; Kuttyirachi Naavu; Vasrachi Jeebh; Bachcha ko Jibro; Bachhuri Jibha; Vachhe di Jeebh; Kannukutti Naakku; Dooda Naluka; Bachhde ki Zabaan.",176.1472275334608,17.78,0.0,11.76,source_backed_ifct2017,per_100g,Preserve species/cut/state; do not map to generic chicken/mutton/fish.,Preserve species/cut/preparation; use exact source record.
GF-ING-00389,O041,"Calf, heart",other red meat,Animal Meat,,"Calf, heart; Bachhurer Hritpinda; Bachhde ka Dil; Karu Hrudaya; ?. Klongsnam?; Padkulem Kalliz; Kuttyirachi Hrudayam; Vasrache Kallij/Rudhaya; Bachcha ko Mutu; Bachhuri Hritpinda; Vachhe da Dil; Kannukutti Idhayam; Dooda Gunde; Bachhde ka Dil.",109.70363288718929,18.84,0.0,3.75,source_backed_ifct2017,per_100g,Preserve species/cut/state; do not map to generic chicken/mutton/fish.,Preserve species/cut/preparation; use exact source record.
GF-ING-00390,O042,"Calf, liver",other red meat,Animal Meat,,"Calf, liver; Bachhurer Mete/Kolija; Bachhde ki Kaleji; Karu Yakrit; ?. Dohjem; Padkulem Kalliz; Kuttyirachi Karal; Vasrache Kaleji; Bachcha ko Kalejo; Bachhuri Kalija; Vachhe di Kaleji; Kannukutti Eeral; Dooda Kaleyam; Bachhde ki Kaleji.",120.21988527724665,21.02,0.0,3.95,source_backed_ifct2017,per_100g,Preserve species/cut/state; do not map to generic chicken/mutton/fish.,Preserve species/cut/preparation; use exact source record.
GF-ING-00391,O043,"Calf, spleen",other red meat,Animal Meat,,"Calf, spleen; Bachhurer Pliha; Bachhde ki Tilli; Karu Pliha; ?.; Padkulem Pano?; Kuttyirachi Pliha; Vasrachi Panthari; Bachcha ko Phiyo; Bachhuri Pliha; Vachhe di Tilli; Kannukutti Manneral/Suvarotti; Dooda Plihamu; Bachhde ki Tilli.",90.5831739961759,17.71,0.0,2.12,source_backed_ifct2017,per_100g,Preserve species/cut/state; do not map to generic chicken/mutton/fish.,Preserve species/cut/preparation; use exact source record.
GF-ING-00392,O044,"Calf, kidneys",other red meat,Animal Meat,,"Calf, kidneys; Bachhurer Brikko; Bachhde ke Gurde; Karu Mutrapinda; ?. Nier?; Padkulem Mutpin; Kuttyirachi Vrikka; Vasrache Gurde/Mutrapind; Bachcha ko Mirgaula; Bachhuri Brikko; Vachhe de Gurde; Kannukutti Siruneeragam; Dooda Mutrapindalu; Bachhde ke Gurde.",92.49521988527724,15.16,0.0,3.5,source_backed_ifct2017,per_100g,Preserve species/cut/state; do not map to generic chicken/mutton/fish.,Preserve species/cut/preparation; use exact source record.
GF-ING-00393,O045,"Mithun, shoulder",other red meat,Animal Meat,,"Mithun, shoulder; Mithunor Kandh; Mithuner Kandh; Mithun ka Kandha; Mithun ko Kaandh. (Less common elsewhere).",175.90822179732314,19.05,0.0,11.14,source_backed_ifct2017,per_100g,Preserve species/cut/state; do not map to generic chicken/mutton/fish.,Preserve species/cut/preparation; use exact source record.
GF-ING-00394,O046,"Mithun, chops",other red meat,Animal Meat,,"Mithun, chops; Mithuner Chaap; Mithun ki Champ; Mithun ko Champ.",128.10707456978966,18.19,0.0,6.12,source_backed_ifct2017,per_100g,Preserve species/cut/state; do not map to generic chicken/mutton/fish.,Preserve species/cut/preparation; use exact source record.
GF-ING-00395,O047,"Mithun, round (leg)",other red meat,Animal Meat,,"Mithun, round (leg); Mithunor Theng/Ran; Mithuner Ran; Mithun ki Raan; Mithun ko Tighra.",115.91778202676863,19.61,0.0,4.1,source_backed_ifct2017,per_100g,Preserve species/cut/state; do not map to generic chicken/mutton/fish.,Preserve species/cut/preparation; use exact source record.
GF-ING-00396,O048,"Pork, shoulder",pork,Animal Meat,,"Pork, shoulder; Gahorir Kandh; Shukorer Kandh; Suar no Khabho; Suar ka Kandha; Handi Bhujada Mamsa; ?. Tyrpeng; Dukracho Khand; Panni Irachi Chumal; Ok Leikha?; Dukkarache Khande; Sungur ko Kaandh; Ghusuri Kandha Mansa; Suar da Modha; Panri Tholpattai Kari; Pandi Bhujamu Mamsam; Suar ka Kandha.",237.33269598470363,17.41,0.0,18.83,source_backed_ifct2017,per_100g,Preserve species/cut/state; do not map to generic chicken/mutton/fish.,Preserve species/cut/preparation; use exact source record.
GF-ING-00397,O049,"Pork, chops",pork,Animal Meat,,"Pork, chops; Shukorer Chaap; Suar ki Champ; Sungur ko Champ; Suar di Champ; Suar ki Champ.",178.77629063097513,19.41,0.0,11.3,source_backed_ifct2017,per_100g,Preserve species/cut/state; do not map to generic chicken/mutton/fish.,Preserve species/cut/preparation; use exact source record.
GF-ING-00398,O050,"Pork, ham",pork,Animal Meat,,"Pork, ham; Suar ki Raan; Suar ki Raan.",240.4397705544933,18.83,0.0,18.55,source_backed_ifct2017,per_100g,Preserve species/cut/state; do not map to generic chicken/mutton/fish.,Preserve species/cut/preparation; use exact source record.
GF-ING-00399,O051,"Pork, lungs",pork,Animal Meat,,"Pork, lungs; Gahorir Phopsa; Shukorer Phusphus; Suar na Fefsa; Suar ke Phephde; Handi Shwasakosha; ?. Tor?; Dukrachem Kalsanchem?; Panni Irachi Shwasakosham; Ok Thamoimon?; Dukkarache Phupphus; Sungur ko Phokso; Ghusuri Phusphus; Suar de Phephde; Panri Nuraiyeeral; Pandi Oopirithitthulu; Suar ke Phephde.",85.56405353728489,15.13,0.0,2.74,source_backed_ifct2017,per_100g,Preserve species/cut/state; do not map to generic chicken/mutton/fish.,Preserve species/cut/preparation; use exact source record.
GF-ING-00400,O052,"Pork, heart",pork,Animal Meat,,"Pork, heart; Gahorir Hirdaya; Shukorer Hritpinda; Suar nu Haiyu/Dil; Suar ka Dil; Handi Hrudaya; ?. Klongsnam?; Dukrachem Kalliz; Panni Irachi Hrudayam; Ok Thamoi; Dukkarache Kallij/Rudhaya; Sungur ko Mutu; Ghusuri Hritpinda; Suar da Dil; Panri Idhayam; Pandi Gunde; Suar ka Dil.",109.22562141491396,16.31,0.0,4.87,source_backed_ifct2017,per_100g,Preserve species/cut/state; do not map to generic chicken/mutton/fish.,Preserve species/cut/preparation; use exact source record.
GF-ING-00401,O053,"Pork, liver",pork,Animal Meat,,"Pork, liver; Gahorir Kolija; Shukorer Mete/Kolija; Suar nu Kaleju; Suar ki Kaleji; Handi Yakrit; ?. Dohjem; Dukrachem Kalliz; Panni Irachi Karal; Ok Thin; Dukkarache Kaleji; Sungur ko Kalejo; Ghusuri Kalija; Suar di Kaleji; Panri Eeral; Pandi Kaleyam; Suar ki Kaleji.",115.67877629063096,19.89,0.0,3.94,source_backed_ifct2017,per_100g,Preserve species/cut/state; do not map to generic chicken/mutton/fish.,Preserve species/cut/preparation; use exact source record.
GF-ING-00402,O054,"Pork, stomach",pork,Animal Meat,,"Pork, stomach; Gahorir Pet; Shukorer Pet; Suar nu Pet; Suar ka Pet; Handi Hotte; ?. Kpoh; Dukrachem Pot; Panni Irachi Vayaru; Ok Puk; Dukkarache Pot; Sungur ko Pet; Ghusuri Peta; Suar da Pidh; Panri Vayiru; Pandi Potta; Suar ka Pet.",131.45315487571702,15.36,0.0,7.81,source_backed_ifct2017,per_100g,Preserve species/cut/state; do not map to generic chicken/mutton/fish.,Preserve species/cut/preparation; use exact source record.
GF-ING-00403,O055,"Pork, spleen",pork,Animal Meat,,"Pork, spleen; Gahorir Pliha; Shukorer Pliha; Suar ni Barol; Suar ki Tilli; Handi Pliha; ?.; Dukrachem Pano?; Panni Irachi Pliha; Ok Pliha?; Dukkarachi Panthari; Sungur ko Phiyo; Ghusuri Pliha; Suar di Tilli; Panri Manneral; Pandi Plihamu; Suar ki Tilli.",85.32504780114722,15.13,0.0,2.71,source_backed_ifct2017,per_100g,Preserve species/cut/state; do not map to generic chicken/mutton/fish.,Preserve species/cut/preparation; use exact source record.
GF-ING-00404,O056,"Pork, kidneys",pork,Animal Meat,,"Pork, kidneys; Gahorir Kankalam; Shukorer Brikko; Suar na Gurda; Suar ke Gurde; Handi Mutrapinda; ?. Nier?; Dukrachem Mutpin; Panni Irachi Vrikka; ?.; Dukkarache Gurde/Mutrapind; Sungur ko Mirgaula; Ghusuri Brikko; Suar de Gurde; Panri Siruneeragam; Pandi Mutrapindalu; Suar ke Gurde.",90.5831739961759,14.35,0.0,3.65,source_backed_ifct2017,per_100g,Preserve species/cut/state; do not map to generic chicken/mutton/fish.,Preserve species/cut/preparation; use exact source record.
GF-ING-00405,O057,"Pork, tube (small intestine)",pork,Animal Meat,,"Pork, tube (small intestine); Shukorer Nari; Suar ki Aant; Panni Irachi Kudal; Dukkarachi Aantadi; Ghusuri Anta; Suar di Aant; Panri Kudal; Pandi Karulu; Suar ki Aant.",140.2963671128107,14.96,0.0,8.98,source_backed_ifct2017,per_100g,Preserve species/cut/state; do not map to generic chicken/mutton/fish.,Preserve species/cut/preparation; use exact source record.
GF-ING-00406,O058,"Hare, shoulder",other red meat,Animal Meat,,"Hare, shoulder; Khargosh ka Kandha; Khargosh da Modha; Muyal Tholpattai; Khargosh ka Kandha. (Hare/Rabbit often use same term 'Khargosh')",144.1204588910134,21.13,0.0,6.58,source_backed_ifct2017,per_100g,Preserve species/cut/state; do not map to generic chicken/mutton/fish.,Preserve species/cut/preparation; use exact source record.
GF-ING-00407,O059,"Hare, chops",other red meat,Animal Meat,,"Hare, chops; Khargosh ki Champ; Khargosh di Champ; Khargosh ki Champ.",106.35755258126194,20.62,0.0,2.55,source_backed_ifct2017,per_100g,Preserve species/cut/state; do not map to generic chicken/mutton/fish.,Preserve species/cut/preparation; use exact source record.
GF-ING-00408,O060,"Hare, leg",other red meat,Animal Meat,,"Hare, leg; Khargosh ki Tang; Khargosh di Latt; Muyal Kaal; Khargosh ki Tang.",120.21988527724665,20.52,0.0,4.16,source_backed_ifct2017,per_100g,Preserve species/cut/state; do not map to generic chicken/mutton/fish.,Preserve species/cut/preparation; use exact source record.
GF-ING-00409,O061,"Rabbit, shoulder",other red meat,Animal Meat,,"Rabbit, shoulder; Xoha Posur Kandh; Shoshoker Kandh; Sasla no Khabho; Khargosh ka Kandha; Molada Bhujada Mamsa; Muyal Chumal; Sasa che Khande; Kharayo ko Kaandh; Thekua Kandha Mansa; Khargosh da Modha; Muyal Tholpattai Kari; Kundelu Bhujamu Mamsam; Khargosh ka Kandha.",151.76864244741873,20.01,0.0,7.96,source_backed_ifct2017,per_100g,Preserve species/cut/state; do not map to generic chicken/mutton/fish.,Preserve species/cut/preparation; use exact source record.
GF-ING-00410,O062,"Rabbit, chops",other red meat,Animal Meat,,"Rabbit, chops; Shoshoker Chaap; Khargosh ki Champ; Khargosh di Champ; Khargosh ki Champ.",135.03824091778202,22.61,0.0,4.88,source_backed_ifct2017,per_100g,Preserve species/cut/state; do not map to generic chicken/mutton/fish.,Preserve species/cut/preparation; use exact source record.
GF-ING-00411,O063,"Rabbit, leg",other red meat,Animal Meat,,"Rabbit, leg; Xoha Posur Theng; Shoshoker Thyang; Sasla na Tang; Khargosh ki Tang; Molada Kaalu; Muyal Kaal; Sasa che Paay; Kharayo ko Khutta; Thekua Goda; Khargosh di Latt; Kundelu Kaallu; Khargosh ki Tang.",139.5793499043977,21.31,0.0,5.99,source_backed_ifct2017,per_100g,Preserve species/cut/state; do not map to generic chicken/mutton/fish.,Preserve species/cut/preparation; use exact source record.
GF-ING-00412,P001,Allathi,fish,Marine Fish,Elops machnata,"Allathi; Tenpounder, Ladyfish, Indo pacific Tarpon; Valli poomeen, Vallipoomeen; Shonas, Dandeli, Chirya; Naum; Poomeen, Ullahti, Manna, Mooran Kendai; Jinnagow, Jallagu; [Place of collection: Chennai]",97.03632887189292,21.77,0.0,0.98,source_backed_ifct2017,per_100g,Preserve species/cut/state; do not map to generic chicken/mutton/fish.,Preserve species/cut/preparation; use exact source record.
GF-ING-00413,P002,Aluva,fish,Marine Fish,Parastromateus niger,"Aluva; Black pomfret, Brown Pomfret, Pomfret; Halwa, Adadio; Thondrotte; Halwa; Karuvolli, Karauthakoli, Avoli, Vellavoli; Vellaivaval, Vavval, Karuvaval; Nallachanduva, Chanduva, Thellachanduva; [Place of collection: Vizag, Goa and Mumbai]",103.7284894837476,21.63,0.0,1.8,source_backed_ifct2017,per_100g,Preserve species/cut/state; do not map to generic chicken/mutton/fish.,Preserve species/cut/preparation; use exact source record.
GF-ING-00414,P003,Anchovy,fish,Marine Fish,Stolephorus indicus,"Anchovy; Indian anchovy, Hardenberg`s anchovy; Conetholi; Dindus; Tamil Nethilli; Nattoo; [Place of collection: Chennai and Kochi]",87.7151051625239,19.88,0.0,0.78,source_backed_ifct2017,per_100g,Preserve species/cut/state; do not map to generic chicken/mutton/fish.,Preserve species/cut/preparation; use exact source record.
GF-ING-00415,P004,Ari fish,fish,Marine Fish,Aprion virescens,"Ari fish; Kurali; Kila meen, Komu kila; Green jobfish; [Place of collection: Kochi]",99.18738049713193,22.01,0.0,1.11,source_backed_ifct2017,per_100g,Preserve species/cut/state; do not map to generic chicken/mutton/fish.,Preserve species/cut/preparation; use exact source record.
GF-ING-00416,P005,Betki,fish,Marine Fish,Lates calcarifer,"Betki; Barramundi, Asian sea bass, Cockup, Cock up, Giant Sea Perch, Giant Seaperch; Bhekti; Bekti, Gariyu; Keliji, Koliji; Narimeen, Nuddee meen, Nair meen, Nari meen; Khajura, Jiteda, Khajuri, Fitadar; Durruah, Bekkut; Painnee meen, Koduva, Keduwa; Pandu kopah, Dadhara, Pandu menu; [Place of collection: Kolkata]",67.87762906309752,15.28,0.0,0.29,source_backed_ifct2017,per_100g,Preserve species/cut/state; do not map to generic chicken/mutton/fish.,Preserve species/cut/preparation; use exact source record.
GF-ING-00417,P006,Black snapper,fish,Marine Fish,Macolor niger,Black snapper; Kari Kuruval; Karutha Kuruval; [Place of collection: Kolkata],90.10516252390056,19.5,0.0,1.24,source_backed_ifct2017,per_100g,Preserve species/cut/state; do not map to generic chicken/mutton/fish.,Preserve species/cut/preparation; use exact source record.
GF-ING-00418,P007,Bombay duck,fish,Marine Fish,Harpadon nehereus,"Bombay duck; Bummalo; Nehare, Lutia, Bamaloh; Bumla, Gulchi; Bunmalo, Bombil; Bombil; Vangaravasi; Cucah sawahri, Coco mottah; Lizardfish; [Place of collection: Mumbai and Kolkata]",68.59464627151051,13.53,0.0,1.03,source_backed_ifct2017,per_100g,Preserve species/cut/state; do not map to generic chicken/mutton/fish.,Preserve species/cut/preparation; use exact source record.
GF-ING-00419,P008,Bommuralu,fish,Marine Fish,Muraenesox cinerius,"Bommuralu; Kotuna, Pambu meen; Kotla pama, Tolli pama; Daggertooth pike conger, Dagger tooth pike conger; Eel; [Place of collection: Chennai, Goa and Vizag]",115.91778202676863,22.3,0.0,2.87,source_backed_ifct2017,per_100g,Preserve species/cut/state; do not map to generic chicken/mutton/fish.,Preserve species/cut/preparation; use exact source record.
GF-ING-00420,P009,Cat fish,fish,Marine Fish,Tachysurus thalassinus,"Cat fish; Valia Etta; Ven Etta; Thella Jella; Giant Catfish, Giant Sea Catfish; Marine catfish; [Place of collection: Chennai]; Kanduli mas, Singora mas; Tengra, Singi; Khago; Singee, Singhara; Thogari meenu; Muzhi, Etta; Shingata, Shingala; Singhai; Sanghra; Keluthi, Theli; Marpu, Jella; Singee; Eel-tailed catfish, Dewfish, Freshwater catfish, Jewfish, Tandan; Catfish; [Place of collection: Kolkata]",108.98661567877627,22.18,0.0,2.13,source_backed_ifct2017,per_100g,Preserve species/cut/state; do not map to generic chicken/mutton/fish.,Preserve species/cut/preparation; use exact source record.
GF-ING-00421,P010,Chakla,fish,Marine Fish,Rachycentron canadum,"Chakla; Cobia, Black kingfish, Black King Fish, Butterfish, Black salmon, Ling, Lemonfish, Crabeater, Prodigal son, Black bonito; Modasa; Neimeen; Muddus, Sakala, Sakla, Madusa; Cuddul verarl, Kadal viral; Peddah mottah; Perciform marine fish; [Place of collection: Mumbai, Vizag, Goa, Mandapam and Chennai]",97.03632887189292,20.21,0.0,1.68,source_backed_ifct2017,per_100g,Preserve species/cut/state; do not map to generic chicken/mutton/fish.,Preserve species/cut/preparation; use exact source record.
GF-ING-00422,P011,Chappal,fish,Marine Fish,Aluterus monoceros,"Chappal; Klathi, Thol Meen; Kommu Thoka; Clathi; Phutaki; Unicorn leatherjacket; Filefish; [Place of collection: Goa]",75.76481835564053,17.17,0.0,0.67,source_backed_ifct2017,per_100g,Preserve species/cut/state; do not map to generic chicken/mutton/fish.,Preserve species/cut/preparation; use exact source record.
GF-ING-00423,P012,Chelu,fish,Marine Fish,Elagatis bipinnulata,"Chelu; Rainbow runner, Rainbow yellowtail, Spanish jack, Hawaiian salmon; Poomeen, Chameen; Kulkul; Pelagic marine fish; [Place of collection: Vizag and Chennai]",87.47609942638623,20.02,0.0,0.7,source_backed_ifct2017,per_100g,Preserve species/cut/state; do not map to generic chicken/mutton/fish.,Preserve species/cut/preparation; use exact source record.
GF-ING-00424,P013,Chembali,fish,Marine Fish,Lutjanus quinquelineatus,"Chembali; Chemballi, Chembally; Vellakkara; Rangoo; Five lined snapper, Blue striped snapper, Fivelines Seaperch, Gold striped Sea-perch, Five line Snapper, Fivelined Snapper; Snapper; [Place of collection: Kochi]",97.03632887189292,20.06,0.0,1.77,source_backed_ifct2017,per_100g,Preserve species/cut/state; do not map to generic chicken/mutton/fish.,Preserve species/cut/preparation; use exact source record.
GF-ING-00425,P014,Eri meen,fish,Marine Fish,Pristipomoides filamentosus,"Eri meen; Eri meen, Velameen; Eri meen, Nedunkala; Crimson jobfish, Crimson snapper, Opakapaka, Hawaiian pink snapper; Snapper; [Place of collection: Kochi]",108.50860420650096,22.3,0.0,2.02,source_backed_ifct2017,per_100g,Preserve species/cut/state; do not map to generic chicken/mutton/fish.,Preserve species/cut/preparation; use exact source record.
GF-ING-00426,P015,Gobro,fish,Marine Fish,Epinephelus diacanthus,"Gobro; Coral Cod, Six barred Reef Cod, Thornycheek Grouper, Spinycheek Grouper, Grouper, Six barred Reef cod, Seabass, Coral Trout; Guri; Gobri; Kalawa, Varayan Kalawa; Gobra, Hekaru; Kalava; Serranid fish; [Place of collection: Mumbai and Goa]",86.52007648183556,19.37,0.0,0.88,source_backed_ifct2017,per_100g,Preserve species/cut/state; do not map to generic chicken/mutton/fish.,Preserve species/cut/preparation; use exact source record.
GF-ING-00427,P016,Guitar fish,fish,Marine Fish,Rhinobatus prahli,"Guitar fish; Veenna Meen; Padangan; Sorra Padhangan; Lanjav; Papan; Guitarfish, Prahli Guitarfish; Ray; [Place of collection: Chennai]",95.60229445506693,22.56,0.0,0.44,source_backed_ifct2017,per_100g,Preserve species/cut/state; do not map to generic chicken/mutton/fish.,Preserve species/cut/preparation; use exact source record.
GF-ING-00428,P017,Hilsa,fish,Marine Fish,Tenualosa ilisha,"Hilsa; Ilish, Hilsa, River Shad, Indian Shad, Hilsa Shad; Elish, Ilish; Ilishmach, Ilish, Hilsa, Ilisha, Hilsha; Chaski, Palla, Chaksi, Chakshi; Palasa, Paliya, Polasa, Palia, Mullasu; Paluva, Valava, Paliyah; Palva, Chaksi, Pala, Palla; Ilisha, Ilish, Jodi; Karuva ullam, Sevva, Dolum, Ullam, Oolum; Palasah, Polasa, Palasa, Palia; Herring; [Place of collection: Kochi]",258.84321223709367,21.8,0.0,18.49,source_backed_ifct2017,per_100g,Preserve species/cut/state; do not map to generic chicken/mutton/fish.,Preserve species/cut/preparation; use exact source record.
GF-ING-00429,P018,Jallal,fish,Marine Fish,Arius sp.,Jallal; Jella; Kaeluthi; Etta; Kontia; Tengra; Arius; Catfish; [Place of collection: Vizag],100.38240917782026,21.55,0.0,1.46,source_backed_ifct2017,per_100g,Preserve species/cut/state; do not map to generic chicken/mutton/fish.,Preserve species/cut/preparation; use exact source record.
GF-ING-00430,P019,Jathi vela meen,fish,Marine Fish,Lethrinus lentjan,"Jathi vela meen; Pig face Bream, Silver Spotted Sea Bream, Bridled Pigface bream; Pullivelameen, Kadu; Valamin; Karua; Emperor fish; [Place of collection: Mumbai and Mandapam]",108.26959847036328,22.45,0.0,1.92,source_backed_ifct2017,per_100g,Preserve species/cut/state; do not map to generic chicken/mutton/fish.,Preserve species/cut/preparation; use exact source record.
GF-ING-00431,P020,Kadal bral,fish,Marine Fish,Synodus indicus,"Kadal bral; Kadal Varal, Kechi; Palli Meen, Ooli meen; Bathisaapa; Arna Manji; Chor Bombil; Indian lizardfish; Lizardfish; [Place of collection: Kochi]",87.95411089866157,18.72,0.0,1.34,source_backed_ifct2017,per_100g,Preserve species/cut/state; do not map to generic chicken/mutton/fish.,Preserve species/cut/preparation; use exact source record.
GF-ING-00432,P021,Kadali,fish,Marine Fish,Nemipterus mesoprion,"Kadali; Kadali, Kendai; Murumeen, Kerachoondan; Kadali, Goli; Redfilament Threadfin bream; [Place of collection: Chennai]",126.67304015296368,22.07,0.0,4.2,source_backed_ifct2017,per_100g,Preserve species/cut/state; do not map to generic chicken/mutton/fish.,Preserve species/cut/preparation; use exact source record.
GF-ING-00433,P022,Kalamaara,fish,Marine Fish,Leptomelanosoma indicum,"Kalamaara; Indian threadfin, Monk Fish, Thread Fin, Row Ball, Bastard Mullets, Bamin, Threadfin, Indian Salmon, Giant Threadfin, Indian Threadfin; Dara, Darha, Dadha; Vahmeenu, Ramas; Thamuthi, Yeta, Wahmeen, Baameen, Norakudiyan, Bahmin; Dara, Darha, Chelna; Thiravalai, Vellaikala, Seenakalai, Tahlunkala, Panigala, Valanakala, Kala, Battihiravalai, Kondiangalai, Kattikalai; Podikimaga, Budathamaga, Boddumaga, Thellamaga, Sahala, Maga-booshee; Coastal fish; [Place of collection: Goa and Vizag]",125.0,20.89,0.0,4.54,source_backed_ifct2017,per_100g,Preserve species/cut/state; do not map to generic chicken/mutton/fish.,Preserve species/cut/preparation; use exact source record.
GF-ING-00434,P023,Kalava,fish,Marine Fish,Epinephelus coioides,"Kalava; Kalava, Panni Kalava; Kalavan, Pulli Kalava; Bontha; Hekaru, Gobra; Gopra; Orange spotted grouper, Estuary cod; [Place of collection: Mandapam]",89.38814531548756,19.38,0.0,1.2,source_backed_ifct2017,per_100g,Preserve species/cut/state; do not map to generic chicken/mutton/fish.,Preserve species/cut/preparation; use exact source record.
GF-ING-00435,P024,Kanamayya,fish,Marine Fish,Lutjanus rivulatus,"Kanamayya; Blubberlip snapper, Maori Snapper, Multi coloured Snapper; Kathupiriyan; Cuttu pirium; Snapper; [Place of collection: Chennai and Vizag]",87.7151051625239,20.19,0.0,0.65,source_backed_ifct2017,per_100g,Preserve species/cut/state; do not map to generic chicken/mutton/fish.,Preserve species/cut/preparation; use exact source record.
GF-ING-00436,P025,Kannadi paarai,fish,Marine Fish,Alectis indicus,"Kannadi paarai; Kannadi Paarai, Kattamparei; Kannadi Paarai, Vattapara; Badil; Kat Bangda; Diamond trevally, Indian threadfish, Indian threadfin, Mirror fish, Plumed trevally; Coastal marine fish; [Place of collection: Mumbai, Chennai and Mandapam]",101.09942638623326,22.09,0.0,1.27,source_backed_ifct2017,per_100g,Preserve species/cut/state; do not map to generic chicken/mutton/fish.,Preserve species/cut/preparation; use exact source record.
GF-ING-00437,P026,Karimeen,fish,Marine Fish,Etroplus suratensis,"Karimeen; Green chromide, Pearlspot cichlid, Banded pearlspot, Striped chromide, Pearl Spot, Banded Etroplus; Elimeenu; Pitul; Kalunder; Karimeen, Erumeen, Irimeen; Cundahle; Seththa Kendai, Karassar, Sethakendai, Sethakandai, Palincha, Panishettai, Udupatti; Cashi mara, Cashimara, Duvvenachepa; Cichlid fish; [Place of collection: Kochi]",92.25621414913958,19.68,0.0,1.38,source_backed_ifct2017,per_100g,Preserve species/cut/state; do not map to generic chicken/mutton/fish.,Preserve species/cut/preparation; use exact source record.
GF-ING-00438,P027,Karnagawala,fish,Marine Fish,Anchoa hepsetus,"Karnagawala; Karna Gawala; Nethili, Poruva; Netholi, Kozhuva; Bolingei; Broad striped anchovy; [Place of collection: Vizag]",86.75908221797323,19.52,0.0,0.84,source_backed_ifct2017,per_100g,Preserve species/cut/state; do not map to generic chicken/mutton/fish.,Preserve species/cut/preparation; use exact source record.
GF-ING-00439,P028,Kayrai,fish,Marine Fish,Thunnus albacares,"Kayrai; Yellowfin tuna, Yellow Fin Tuna; Gedar, Gedara; Bokado; Poovan choora; Kuppa, Gedar, Bugudi, Pimp; Soccer; Tuna; [Place of collection: Chennai]",108.50860420650096,20.15,0.0,3.0,source_backed_ifct2017,per_100g,Preserve species/cut/state; do not map to generic chicken/mutton/fish.,Preserve species/cut/preparation; use exact source record.
GF-ING-00440,P029,Kiriyan,fish,Marine Fish,Atule mate,"Kiriyan; Yellowtail scad, Northern yellowtail scad, One finlet scad, Deep trevally, Omaka, Horse Mackerel; Gondlu; Para; Pulli Parai, Para, Warri parah, Vennai Parai, Semaparai, Parai, Thenga Parai, Komaraparai, Kilisai; Manjal Parai, Pulli Parai, Para; Small inshore marine fish; [Place of collection: Kochi]",132.887189292543,22.49,0.0,4.7,source_backed_ifct2017,per_100g,Preserve species/cut/state; do not map to generic chicken/mutton/fish.,Preserve species/cut/preparation; use exact source record.
GF-ING-00441,P030,Kite fish,fish,Marine Fish,Mobula kuhlii,Kite fish; Kozhi Thirandi; Kozhi Thirukkai; Tekku Madava; Shortfin devil ray; Ray; [Place of collection: Kochi],98.7093690248566,23.07,0.0,0.56,source_backed_ifct2017,per_100g,Preserve species/cut/state; do not map to generic chicken/mutton/fish.,Preserve species/cut/preparation; use exact source record.
GF-ING-00442,P031,Korka,fish,Marine Fish,Terapon jarbua,"Korka; Crescent grunter, Target Fish, Crescent Bass, Crescent Perch, Tiger Bass, Jarbua Terapon, Tiger perch, Squeaking Perch; Boorgooni, Jeerpye; Garangeta, Naida; Gore; Kotha, Marakkeri, Keeri, Kallakeedam; Naveri Hajam, Naveri; Gahnu, Galikooru; Mattakkeechan, Palin keetchan, Kovakeechan, Palinkeechan, Pootankeeli, Keeli, Keechan, Chavathinnikeeli; Baikeeli, Kilipothu, Ganam, Samudrakili; Grunter; [Place of collection: Kochi]",126.19502868068834,23.72,0.0,3.36,source_backed_ifct2017,per_100g,Preserve species/cut/state; do not map to generic chicken/mutton/fish.,Preserve species/cut/preparation; use exact source record.
GF-ING-00443,P032,Kulam paarai,fish,Marine Fish,Carangoides fulvoguttatus,"Kulam paarai; Kulam Paarai, Pulli Paarai; Manja Paarai; Pulli Para; Yellowspotted trevally, Yellowspotted kingfish, Goldspotted trevally, Tarrum; Large inshore marine fish; [Place of collection: Chennai]",119.74187380497132,21.62,0.0,3.6,source_backed_ifct2017,per_100g,Preserve species/cut/state; do not map to generic chicken/mutton/fish.,Preserve species/cut/preparation; use exact source record.
GF-ING-00444,P033,Maagaa,fish,Marine Fish,Polynemus plebeius,"Maagaa; Maga, Budatha Maga; Pozhakkala; Sahala; Tape Machh; Rawas; Striped threadfin; Marine fish; [Place of collection: Vizag]",87.47609942638623,20.11,0.0,0.67,source_backed_ifct2017,per_100g,Preserve species/cut/state; do not map to generic chicken/mutton/fish.,Preserve species/cut/preparation; use exact source record.
GF-ING-00445,P034,Mackerel,fish,Marine Fish,Rastrelliger kanagurta,"Mackerel; Indian mackerel, Rake Gillat Mackerel; Bangada; Bangda, Bangadei, Bangada; Ayila, Ayala, Ayla; Kaulagedar, Bangada, Kaula Gedar; Karan kita; Kanangeluthi, Kumala, Kumla, Augalai; Kannangadatha, Kanagurta, Kamangadachalu; [Place of collection: Chennai, Mumbai and Goa]",101.09942638623326,21.51,0.0,1.53,source_backed_ifct2017,per_100g,Preserve species/cut/state; do not map to generic chicken/mutton/fish.,Preserve species/cut/preparation; use exact source record.
GF-ING-00446,P035,Manda clathi,fish,Marine Fish,Naso reticulatus,Manda clathi; Manda Klathi; Reticulated unicornfish; [Place of collection: Mandapam],95.12428298279158,21.27,0.0,1.0,source_backed_ifct2017,per_100g,Preserve species/cut/state; do not map to generic chicken/mutton/fish.,Preserve species/cut/preparation; use exact source record.
GF-ING-00447,P036,Matha,fish,Marine Fish,Acanthurus mata,"Matha; Elongate surgeonfish, Blue lined surgeonfish; Pala; Marine tropical fish; [Place of collection: Chennai and vizag]",92.97323135755258,21.17,0.0,0.79,source_backed_ifct2017,per_100g,Preserve species/cut/state; do not map to generic chicken/mutton/fish.,Preserve species/cut/preparation; use exact source record.
GF-ING-00448,P037,Milk fish,fish,Marine Fish,Chanos chanos,"Milk fish; Milkfish, Milk fish, White Mullet; Humeen, Hoomeenu, Hoo meenu; Poomeen; Pal kendai, Palmeen, Tulu candul, Thullu, Palai meen; Pallabontha, Polah bontah; [Place of collection: Mandapam]",105.64053537284894,23.66,0.0,1.09,source_backed_ifct2017,per_100g,Preserve species/cut/state; do not map to generic chicken/mutton/fish.,Preserve species/cut/preparation; use exact source record.
GF-ING-00449,P038,Moon fish,fish,Marine Fish,Mene maculata,"Moon fish; Moonfish; Vaniani; Hakkimeen; Ambattan parah; Ambutan parah, Amattikatti; Perch fish; [Place of collection: Mumbai]",125.717017208413,20.74,0.0,4.69,source_backed_ifct2017,per_100g,Preserve species/cut/state; do not map to generic chicken/mutton/fish.,Preserve species/cut/preparation; use exact source record.
GF-ING-00450,P039,Mullet,fish,Marine Fish,Mugil cephalus,"Mullet; Flathead grey mullet, Flathead Greymullet; Ain; Bhomat, Boi, Gandhia; Mala; Tirutha, Thirutha, Tiruta; Boi, Mangan, Boita, Pilas, Bol, Pilsa, Sherto; Madavai, Kasmeen, Manla; Kathiparega, Kathi parenga; Food fish; [Place of collection: Mumbai, Kochi and Chennai]",93.92925430210325,20.23,0.0,1.32,source_backed_ifct2017,per_100g,Preserve species/cut/state; do not map to generic chicken/mutton/fish.,Preserve species/cut/preparation; use exact source record.
GF-ING-00451,P040,Mural,fish,Marine Fish,Tylosurus crocodilus crocodilus,"Mural; Houndfish, Crocodile needlefish, Giant Longtom; Oola, Keran; Tol; Pahmum kolah; Wahlah kuddera; Game fish; [Place of collection: Mandapam]",82.45697896749522,19.04,0.0,0.58,source_backed_ifct2017,per_100g,Preserve species/cut/state; do not map to generic chicken/mutton/fish.,Preserve species/cut/preparation; use exact source record.
GF-ING-00452,P041,Myil meen,fish,Marine Fish,Istiophorus platypterus,"Myil meen; Indo Pacific sailfish, Peacock Fish, Sail Fish, Indian Sail Fish, Sailfish; Tadmachhi, Kunga; Ola meen, Olameen; Tadmasa; Sailfish; [Place of collection: Chennai and Mandapam]",97.9923518164436,22.89,0.0,0.56,source_backed_ifct2017,per_100g,Preserve species/cut/state; do not map to generic chicken/mutton/fish.,Preserve species/cut/preparation; use exact source record.
GF-ING-00453,P042,Nalla bontha,fish,Marine Fish,Epinephelus sp,"Nalla bontha; Wekhali, Wekhanu, Wekhru; Gopra, Muni Meenu; Gobri; Kalawa; Gobra, Hekru, Hekaru; Bhala; Punni calawah, Kalava; Bontha, Kodi Punju, Bontoo; Giant Rock Cod, Malabar Rockcod, Brown-spotted Grouper, Estuary Rock cod, Malabar Grouper, Morgan`s Cod, Blackspot Cod, Malabar Reef Cod, Speckled Grouper., Blacksaddle Grouper, Malabar Cod, Speckled Grouper, Grouper, Greasy Grouper, Blackspotted Rockcod, Malabar Reefcod, Estuary Cod, Malabar Rock Cod; Large serranid fish; [Place of collection: Vizag]",86.9980879541109,19.82,0.0,0.72,source_backed_ifct2017,per_100g,Preserve species/cut/state; do not map to generic chicken/mutton/fish.,Preserve species/cut/preparation; use exact source record.
GF-ING-00454,P043,Narba,fish,Marine Fish,Caranx sexfasciatus,"Narba; Bigeye trevally, Bigeye jack, Great trevally, Six banded trevally, Dusky jack, Dusk Jack, Tille Jack; Bangada, Kala Bangada; Gondlu; Maduthala, Varayan para, Kuluvel; Kala Bangada; Large marine fish; [Place of collection: Vizag and Mumbai]",103.25047801147228,21.95,0.0,1.6,source_backed_ifct2017,per_100g,Preserve species/cut/state; do not map to generic chicken/mutton/fish.,Preserve species/cut/preparation; use exact source record.
GF-ING-00455,P044,Paarai,fish,Marine Fish,Caranx heberi,"Paarai; Paarai, Karunkanni Paarai; Para; Blacktip trevally, Blacktip kingfish, Yellowtail kingfish; Large marine fish; [Place of collection: Chennnai]",103.96749521988528,21.58,0.0,1.84,source_backed_ifct2017,per_100g,Preserve species/cut/state; do not map to generic chicken/mutton/fish.,Preserve species/cut/preparation; use exact source record.
GF-ING-00456,P045,Padayappa,fish,Marine Fish,Canthidermis maculata,"Padayappa; Karuppu Klathi; Rough triggerfish, Spotted oceanic triggerfish; Triggerfish; [Place of collection: Kochi]",86.04206500956023,19.7,0.0,0.69,source_backed_ifct2017,per_100g,Preserve species/cut/state; do not map to generic chicken/mutton/fish.,Preserve species/cut/preparation; use exact source record.
GF-ING-00457,P046,Pali kora,fish,Marine Fish,Panna microdon,Pali kora; Palli Kora; Palli Korai; Panna croaker; [Place of collection: Kochi],94.16826003824092,19.25,0.0,1.81,source_backed_ifct2017,per_100g,Preserve species/cut/state; do not map to generic chicken/mutton/fish.,Preserve species/cut/preparation; use exact source record.
GF-ING-00458,P047,Pambada,fish,Marine Fish,Lepturacanthus savala,"Pambada; Savalai hairtail, Small head hairtail, Small Headed Hairtail, Small Headed Ribbon Fish, Small headed Ribbonfish, Silver Ribbon Fish, Hair Tail, Ribbon Fish; Patti; Pambole; Bale; Vellasavala, Thalayan, Vellathalayan, Karupputhalayan, Karuppusavala, Vellithalayan; Baia, Wagti, Bala; Chavalai, Karthigaivalai, Savalai, Mattachavalai, Olavalai; Nadippussavallu, Peddasavallu, Yellasavallu, Savala, Kothisavallu; Snapper; [Place of collection: Chennai and Kochi]",128.34608030592733,21.95,0.0,4.44,source_backed_ifct2017,per_100g,Preserve species/cut/state; do not map to generic chicken/mutton/fish.,Preserve species/cut/preparation; use exact source record.
GF-ING-00459,P048,Pandukopa,fish,Marine Fish,Pseudosciaena manchurica,"Pandukopa; Pandu Kopa; Borogo; Bhola; Doma; Larimichthys polyactis, Redlip croaker, Small yellow croaker, Little yellow croaker, Yellow corvina; Croaker; [Place of collection: Vizag]",86.04206500956023,19.73,0.0,0.65,source_backed_ifct2017,per_100g,Preserve species/cut/state; do not map to generic chicken/mutton/fish.,Preserve species/cut/preparation; use exact source record.
GF-ING-00460,P049,Parava,fish,Marine Fish,Lactarius lactarius,"Parava; False trevally, Big jawed jumper, Big jawed jumber; Dhangari, Dangri, Chapla, Katli; Saundala, Adai minu; Adavu, Parava; Saundala, Pervi; Sudumbu, Suthumbu, Guthippu; Sudumbu, Sudumbala, Kuthuppu; [Place of collection: Kochi]",111.61567877629062,21.5,0.0,2.74,source_backed_ifct2017,per_100g,Preserve species/cut/state; do not map to generic chicken/mutton/fish.,Preserve species/cut/preparation; use exact source record.
GF-ING-00461,P050,Parcus,fish,Marine Fish,Psettodes erumei,"Parcus; Indian halibut, Indian Turbot; Hario, Dataro; Box Lep; Zhipali, Bhakas; Erumei nakku; Noree nalaka; Large primitive flatfish; [Place of collection: Mumbai]",86.28107074569789,19.87,0.0,0.62,source_backed_ifct2017,per_100g,Preserve species/cut/state; do not map to generic chicken/mutton/fish.,Preserve species/cut/preparation; use exact source record.
GF-ING-00462,P051,Parrot fish,fish,Marine Fish,Scarus ghobban,"Parrot fish; Blue barred parrotfish, Blue trim parrotfish, Cream parrotfish, Globe headed parrotfish, Green blotched parrotfish, Yellow scale parrotfish, Bluechin parrotfish; Chandi; Marine fish; [Place of collection: Mandapam]",89.62715105162523,20.82,0.0,0.57,source_backed_ifct2017,per_100g,Preserve species/cut/state; do not map to generic chicken/mutton/fish.,Preserve species/cut/preparation; use exact source record.
GF-ING-00463,P052,Perinkilichai,fish,Marine Fish,Pinjalo pinjalo,"Perinkilichai; Pinjalo Snapper; Mette mirrei, Polei oolavai; Snapper; [Place of collection: Chennai]",92.49521988527724,20.89,0.0,0.87,source_backed_ifct2017,per_100g,Preserve species/cut/state; do not map to generic chicken/mutton/fish.,Preserve species/cut/preparation; use exact source record.
GF-ING-00464,P053,Phopat,fish,Marine Fish,Coryphaena hippurus,"Phopat; Mahi mahi, Common dolphinfish, Common Dolphin Fish; Pomfret; Halwa, Adadio, Himra Machhi; Thondrotte; Affunose, Avoli, Karuvoli, Vellavoli; Abanoos, Halwa, Himra Masa; Baal; Karuvaval, Vavval, Vanna, Vellaivaval, Badahlan, Koppurai kula; Chanduva, Nallachanduva, Thellachanduva; Surface dwelling ray finned fish; [Place of collection: Chennai, Kochi, Vizag and Mumbai]",101.33843212237092,22.05,0.0,1.33,source_backed_ifct2017,per_100g,Preserve species/cut/state; do not map to generic chicken/mutton/fish.,Preserve species/cut/preparation; use exact source record.
GF-ING-00465,P054,Piranha,fish,Marine Fish,Pygopristis sp.,Piranha; [Place of collection: Kochi],131.21414913957935,20.46,0.0,5.43,source_backed_ifct2017,per_100g,Preserve species/cut/state; do not map to generic chicken/mutton/fish.,Preserve species/cut/preparation; use exact source record.
GF-ING-00466,P055,"Pomfret, black",fish,Marine Fish,Parastromateus niger,"Pomfret, black; Black pomfret, Brown Pomfret; Halwa, Adadio; Thondrotte; Halwa; Vellavoli, Karuvolli, Avoli, Karauthakoli; Vellaivaval, Vavval, Karuvaval; Nallachanduva, Chanduva, Thellachanduva; Pomfret; [Place of collection: Kochi, Chennai, Mumbai, Mandapam, Vizag and Goa]",123.08795411089864,18.91,0.0,4.83,source_backed_ifct2017,per_100g,Preserve species/cut/state; do not map to generic chicken/mutton/fish.,Preserve species/cut/preparation; use exact source record.
GF-ING-00467,P056,"Pomfret, snub nose",fish,Marine Fish,Trachinotus blochii,"Pomfret, snub nose; Snubnose Pampano; Peeyada; Ladagoo, Katattitaka; Kootili; Coastal fish; [Place of collection: Mumbai]",89.62715105162523,21.05,0.0,0.46,source_backed_ifct2017,per_100g,Preserve species/cut/state; do not map to generic chicken/mutton/fish.,Preserve species/cut/preparation; use exact source record.
GF-ING-00468,P057,"Pomfret, white",fish,Marine Fish,Pampus argenteus,"Pomfret, white; Silver pomfret, White pomfret; Chandi, Pomfret; Vichuda; Thondrotte, Thondrette, Manji; Surangat; Vellavoli, Karuvolli, Avoli, Velutha-avoli; Saranga, Chandava, Paplet; Chandee, Ghia; Vella vavval, Karuvaval, Vavval, Vellaivaval; Thellachanduva, Nallachanduva, Chanduva; Butterfish; [Place of collection: Mumbai and Goa]",122.60994263862332,19.02,0.0,5.12,source_backed_ifct2017,per_100g,Preserve species/cut/state; do not map to generic chicken/mutton/fish.,Preserve species/cut/preparation; use exact source record.
GF-ING-00469,P058,Pranel,fish,Marine Fish,Gerres sp.,"Pranel; Whipfin silver biddy, Deepbody mojarra; Paiya; Pranjin; Charbat; Oodan; Mojarras; [Place of collection: Kochi]",96.79732313575524,19.69,0.0,1.89,source_backed_ifct2017,per_100g,Preserve species/cut/state; do not map to generic chicken/mutton/fish.,Preserve species/cut/preparation; use exact source record.
GF-ING-00470,P059,Pulli paarai,fish,Marine Fish,Gnathanodon speciosus,"Pulli paarai; Golden trevally, Golden kingfish, Banded trevally, King trevally, Golden Toothless Trevally, Horse Mackerel; Gondlu; Para; Pilli parah, Pathi Parah, Para, Thenga Parai, Vennai Parai, Kilisai, Pathi parah, Komaraparai, Pulli Parai, Semaparai, Parai; Pulli Parai, Para, Poloosoo parah, Manjal Parai; Large marine fish; [Place of collection: Chennai]",95.36328871892924,20.06,0.0,1.55,source_backed_ifct2017,per_100g,Preserve species/cut/state; do not map to generic chicken/mutton/fish.,Preserve species/cut/preparation; use exact source record.
GF-ING-00471,P060,Queen fish,fish,Marine Fish,Scomberoides commersonianus,"Queen fish; Doubledotted Queenfish, Talang Queenfish; Sag; Palaimeenu, Diana; Palameen; Dagol; Toal parah, Katta; Pasupara; Coastal fish; [Place of collection: Chennai, Kochi and Goa]",95.60229445506693,20.97,0.0,1.17,source_backed_ifct2017,per_100g,Preserve species/cut/state; do not map to generic chicken/mutton/fish.,Preserve species/cut/preparation; use exact source record.
GF-ING-00472,P061,Raai fish,fish,Marine Fish,Lobotes surinamensis,"Raai fish; Atlantic tripletail, Brown Tripletail, Tripple Tail, Brown Tripletail; Katkola; Parrandee; Chota Bekkut; Musalli; Warm water marine fish; [Place of collection: Chennai and Vizag]",102.77246653919694,21.61,0.0,1.69,source_backed_ifct2017,per_100g,Preserve species/cut/state; do not map to generic chicken/mutton/fish.,Preserve species/cut/preparation; use exact source record.
GF-ING-00473,P062,Raai vanthu,fish,Marine Fish,Epinephelus chlorostigma,"Raai vanthu; Brown spotted reef cod, Souman, Brownspotted grouper, Brown spotted grouper, Brownspotted rockcod., Brown spotted reef cod; Vekharu, Vekhala; Guri; Gobri; Pulli Kalawa, Kalava; Hekru, Hekaru; Kalava; Grouper fish; [Place of collection: Vizag]",97.9923518164436,19.39,0.0,2.17,source_backed_ifct2017,per_100g,Preserve species/cut/state; do not map to generic chicken/mutton/fish.,Preserve species/cut/preparation; use exact source record.
GF-ING-00474,P063,Rani,fish,Marine Fish,Pink perch,"Rani; Rani Meen, Sankara; Kilimeen, Chen Kili; Rani menu; Pink perch, Threadfin bream; Freshwater gamefish; [Place of collection: Goa, Kochi, Chennai, Mumbai, Vizag and Mandapam]",90.10516252390056,18.83,0.0,1.49,source_backed_ifct2017,per_100g,Preserve species/cut/state; do not map to generic chicken/mutton/fish.,Preserve species/cut/preparation; use exact source record.
GF-ING-00475,P064,"Ray fish, bow head, spotted",fish,Marine Fish,Rhina ancylostoma,"Ray fish, bow head, spotted; Bowmouth guitarfish, Shark ray, Mud skate, Bowmouthed Guitarfish; Sakshi, Lanj; Mun ultava; Pottila sora, Nella dindi; Ray; [Place of collection: Kochi]",83.41300191204589,19.03,0.0,0.7,source_backed_ifct2017,per_100g,Preserve species/cut/state; do not map to generic chicken/mutton/fish.,Preserve species/cut/preparation; use exact source record.
GF-ING-00476,P065,Red snapper,fish,Marine Fish,Lutjanus argentimaculatus,"Red snapper; Mangrove red snapper, Mangrove jack, Creek red bream, Stuart evader, Dog bream, Purple sea perch, Purple seaperch, Red bass, Red bream, Red perch, Red reef bream, River roman, Rock barramundi, Yellow snapper, Silver spotted Grey Snapper, Gray Snapper, Malabar Red Snapper; Ratado; Chembali; Murumeen, Pahari, Chemballi; Tambusa; Paruthikanni, Patani-keeli, Karuvalai, Nethiprion, Paruthivala Meen, Chenganni, Vekkattai, Thokkal, Cheppili, Karva, Adallu, Vekkattai, Antaleyan; Rangu, Thundava., Rangoo, Thundava, Kaliviyya; Snapper; [Place of collection: Vizag]",104.4455066921606,22.79,0.0,1.34,source_backed_ifct2017,per_100g,Preserve species/cut/state; do not map to generic chicken/mutton/fish.,Preserve species/cut/preparation; use exact source record.
GF-ING-00477,P066,"Red snapper, small",fish,Marine Fish,Priacanthus hamrur,"Red snapper, small; Alta-punti; Dorali, Ratado; Disco Meenu; Bullsai, Chemballi; Tambi; Kakkasi, Paswa; Bochelu; Lunar-tailed bigeye, Goggle eye, Moontail bullseye, Red Bullseye, Lunar-tailed Bullseye, Red Big Eye, Crescent Tail Bigeye, Lunar Tailed Bigeye, Dusky-finned Bullseye, Spot-finned Bull`s Eye., Moontail Bullseye, Bigeye Snapper, Black-spot Big-eye, Lunar-tailed Glasseye, Duskyfin Bulleye, Goggle-eye; Marine fish; [Place of collection: Goa]",107.79158699808796,21.5,0.0,2.3,source_backed_ifct2017,per_100g,Preserve species/cut/state; do not map to generic chicken/mutton/fish.,Preserve species/cut/preparation; use exact source record.
GF-ING-00478,P067,Sadaya,fish,Marine Fish,Platax orbicularis,"Sadaya; Sadaya, Thotti Meen; Nandan; Orbicular batfish, Circular batfish, Orbiculate batfish, Round batfish, Orbic batfish; Aquarium fish; [Place of collection: Chennai]",110.42065009560228,20.68,0.0,2.97,source_backed_ifct2017,per_100g,Preserve species/cut/state; do not map to generic chicken/mutton/fish.,Preserve species/cut/preparation; use exact source record.
GF-ING-00479,P068,Salmon,fish,Marine Fish,Salmo salar,Salmon; Atlantic salmon; Ray-finned fish; [Place of collection: Goa],172.3231357552581,20.97,0.0,9.86,source_backed_ifct2017,per_100g,Preserve species/cut/state; do not map to generic chicken/mutton/fish.,Preserve species/cut/preparation; use exact source record.
GF-ING-00480,P069,Sangada,fish,Marine Fish,Nemipterus japonicus,"Sangada; Bamni; Kendai, Puthuputtan Kendai; Goli; Kerachoondan; Japanese threadfin bream; Marine fish; [Place of collection: Chennai]",105.8795411089866,20.26,0.0,2.67,source_backed_ifct2017,per_100g,Preserve species/cut/state; do not map to generic chicken/mutton/fish.,Preserve species/cut/preparation; use exact source record.
GF-ING-00481,P070,Sankata parai,fish,Marine Fish,Caranx ignobilis,"Sankata parai; Giant trevally, Lowly trevally, Barrier trevally, Giant kingfish, Ulua, Yellowfin Jack; Kuluvel; Jarradandree-parah; Large marine fish; [Place of collection: Chennai]",103.7284894837476,21.87,0.0,1.68,source_backed_ifct2017,per_100g,Preserve species/cut/state; do not map to generic chicken/mutton/fish.,Preserve species/cut/preparation; use exact source record.
GF-ING-00482,P071,Sardine,fish,Marine Fish,Sardinella longiceps,"Sardine; Indian oil sardine, Malabar Sardine; Tarali; Baige, Buthai, Boothai, Tarli-multhi; Nalla Mathi, Nallamathi; Haird, Kanat, Tarali, Tarli, Haid; Nonalai, Charlay, Paycharlay, Paichalai; Noona-kavallu; Ray-finned fish; [Place of collection: Kolkata]",152.24665391969407,17.91,0.0,8.99,source_backed_ifct2017,per_100g,Preserve species/cut/state; do not map to generic chicken/mutton/fish.,Preserve species/cut/preparation; use exact source record.
GF-ING-00483,P072,Shark,fish,Marine Fish,Carcharhinus sorrah,"Shark; Spot-tail shark, Sorrah shark; Shirat; Balda, Pisori; Katta-sorrah; Requiem shark; [Place of collection: Goa and Mandapam]",95.12428298279158,21.6,0.0,0.83,source_backed_ifct2017,per_100g,Preserve species/cut/state; do not map to generic chicken/mutton/fish.,Preserve species/cut/preparation; use exact source record.
GF-ING-00484,P073,"Shark, hammer head",fish,Marine Fish,Sphyrna mokarran,"Shark, hammer head; Sura, Komban Sura; Sravu, Chenkannan Sravu; Sorrah, Koma Sorrah; Haturi Hangar; Kochia Kammad; Kanar, Mushee; Sappa sorrah; Great hammerhead; Hammerhead shark; [Place of collection: Kolkata]",103.25047801147228,23.4,0.0,0.8,source_backed_ifct2017,per_100g,Preserve species/cut/state; do not map to generic chicken/mutton/fish.,Preserve species/cut/preparation; use exact source record.
GF-ING-00485,P074,"Shark, spotted",fish,Marine Fish,Stegostoma fasciatum,"Shark, spotted; Zebra shark; Shinawala, Magara, Shinvala, Musia; Poochasurav, Zebra Sravu; Shinvala, Mushi, Shinavla; Komarasi-sorrah, Coruhgun-sorrah, Korangum Sorrah; Potrava, Komarasi, Orookoolti-sorrah, Pollee-makum, Komrasi, Pollee Makum, Corootoolti-sorrah; Carpet shark; [Place of collection: Kochi]",91.77820267686424,20.95,0.0,0.75,source_backed_ifct2017,per_100g,Preserve species/cut/state; do not map to generic chicken/mutton/fish.,Preserve species/cut/preparation; use exact source record.
GF-ING-00486,P075,Shelavu,fish,Marine Fish,Sphyraena jello,"Shelavu; Pickhandle barracuda, Banded Barracuda, Sea Pike; Bhungar; Kandai; Cheelahoo; Ghalse, Badvi, Jaban-tal, Badri; Jellow; [Place of collection: Chennai, Goa, Vizag and Kochi]",106.5965583173996,22.46,0.0,1.74,source_backed_ifct2017,per_100g,Preserve species/cut/state; do not map to generic chicken/mutton/fish.,Preserve species/cut/preparation; use exact source record.
GF-ING-00487,P076,Silan,fish,Marine Fish,Silonia silondia,"Silan; Silond catfish, Silondia Vacha, Silong Catfish; Dhain, Silan, Utti, Koch; Silond; Schilbid catfish; [Place of collection: Kolkata]",151.2906309751434,22.72,0.0,6.68,source_backed_ifct2017,per_100g,Preserve species/cut/state; do not map to generic chicken/mutton/fish.,Preserve species/cut/preparation; use exact source record.
GF-ING-00488,P077,Silk fish,fish,Marine Fish,Beryx sp.,"Silk fish; Pattumeen; Alfonsino, Alfonsin, Longfinned beryx, Red bream, Imperador; Deep oceanic fish; [Place of collection: Kochi]",97.51434034416826,20.65,0.0,1.53,source_backed_ifct2017,per_100g,Preserve species/cut/state; do not map to generic chicken/mutton/fish.,Preserve species/cut/preparation; use exact source record.
GF-ING-00489,P078,Silver carp,fish,Marine Fish,Hypophthalmichthys molitrix,"Silver carp; Belli-gende; Freshwater cyprinid fish, Asian carp; [Place of collection: Kolkata]",132.64818355640534,21.71,0.0,5.17,source_backed_ifct2017,per_100g,Preserve species/cut/state; do not map to generic chicken/mutton/fish.,Preserve species/cut/preparation; use exact source record.
GF-ING-00490,P079,Sole fish,fish,Marine Fish,Cynoglossus arel,Sole fish; Largescale tongue-sole; Lep; Tonguefish; [Place of collection: Vizag],87.7151051625239,19.05,0.0,1.18,source_backed_ifct2017,per_100g,Preserve species/cut/state; do not map to generic chicken/mutton/fish.,Preserve species/cut/preparation; use exact source record.
GF-ING-00491,P080,Stingray,fish,Marine Fish,Dasyatis pastinaca,"Stingray; Common stingray, Blue Stingray; Thirukay; [Place of collection: Kolkata]",97.51434034416826,23.98,0.0,0.68,source_backed_ifct2017,per_100g,Preserve species/cut/state; do not map to generic chicken/mutton/fish.,Preserve species/cut/preparation; use exact source record.
GF-ING-00492,P081,Tarlava,fish,Marine Fish,Drepane punctata,"Tarlava; Spotted sicklefish, Moon-fish, Spotted Bat-fish, Spotted Drepane; Chand; Therattai, Painthi; Thotha, Thetti; [Place of collection: Chennai and Vizag]",98.94837476099426,21.72,0.0,1.2,source_backed_ifct2017,per_100g,Preserve species/cut/state; do not map to generic chicken/mutton/fish.,Preserve species/cut/preparation; use exact source record.
GF-ING-00493,P082,Tholam,fish,Marine Fish,Plectorhinchus schotaf,"Tholam; Minstrel sweetlips, Grey Sweetlip; Harvil; Gamefish; [Place of collection: Chennai and Mandapam]",103.25047801147228,20.78,0.0,2.13,source_backed_ifct2017,per_100g,Preserve species/cut/state; do not map to generic chicken/mutton/fish.,Preserve species/cut/preparation; use exact source record.
GF-ING-00494,P083,Tilapia,fish,Marine Fish,Oreochromis niloticus,"Tilapia; Nile tilapia; Elapi, Japani kawoi; Tilapia, Cichlid fish; [Place of collection: Kolkata]",83.41300191204589,18.48,0.0,1.08,source_backed_ifct2017,per_100g,Preserve species/cut/state; do not map to generic chicken/mutton/fish.,Preserve species/cut/preparation; use exact source record.
GF-ING-00495,P084,Tuna,fish,Marine Fish,Euthynnus affinis,"Tuna; Mackerel tuna, Kawakawa, Little Tuna; Gedar; Bokado; Choora; Chuki, Bugudi, Ohaman, Gedar, Kuppa; Choori-min, Suraly; Ray-finned bony fish; [Place of collection: Chennai, Vizag, Goa, Mandapam and Kochi]",112.33269598470363,24.5,0.0,1.44,source_backed_ifct2017,per_100g,Preserve species/cut/state; do not map to generic chicken/mutton/fish.,Preserve species/cut/preparation; use exact source record.
GF-ING-00496,P085,"Tuna, striped",fish,Marine Fish,Katsuwonus pelamis,"Tuna, striped; Skipjack tuna, Aku, Arctic bonito, Mushmouth, Oceanic bonito, Striped tuna, Victor fish, Oceanic Skipjack; Gedar; Bokado; Choora; Kuppa, Bugudi, Gedar; Medium-sized perciform fish; [Place of collection: Kochi]",96.31931166347992,21.28,0.0,1.12,source_backed_ifct2017,per_100g,Preserve species/cut/state; do not map to generic chicken/mutton/fish.,Preserve species/cut/preparation; use exact source record.
GF-ING-00497,P086,Valava,fish,Marine Fish,Chirocentrus nudus,"Valava; Whitefin wolf-herring, Tenpounder; Kiru-wahlah; Wahlah; Herring; [Place of collection: Vizag]",97.9923518164436,21.8,0.0,1.06,source_backed_ifct2017,per_100g,Preserve species/cut/state; do not map to generic chicken/mutton/fish.,Preserve species/cut/preparation; use exact source record.
GF-ING-00498,P087,Vanjaram,fish,Marine Fish,Scomberomorus commerson,"Vanjaram; Narrow-barred Spanish mackerel, Barred Seer Fish, King Seer; Surmai, Chhapri; Thavar; Ayakora, Chumbum; Anjai, Anjari, Surmai, Towar; Ah-ku-lah, Mah-wu-leachi, Mavulasi, Seela, Mah-wu-laachi, Vanjiram, Velra, Konam; Vanjiramu, Konema, Varimeen, Yellari, Vellikannan, Ayaokaro; Mackerel; [Place of collection: Chennai and Goa]",136.23326959847037,22.28,0.0,5.18,source_backed_ifct2017,per_100g,Preserve species/cut/state; do not map to generic chicken/mutton/fish.,Preserve species/cut/preparation; use exact source record.
GF-ING-00499,P088,Vela meen,fish,Marine Fish,Aprion virescens,"Vela meen; Vela meen, Kurali; Vela meen, Kila meen, Komu kila; Green jobfish; Snapper; [Place of collection: Mandapam]",128.34608030592733,22.16,0.0,4.34,source_backed_ifct2017,per_100g,Preserve species/cut/state; do not map to generic chicken/mutton/fish.,Preserve species/cut/preparation; use exact source record.
GF-ING-00500,P089,Vora,fish,Marine Fish,Siganus javus,Vora; Streaked spinefoot; Kunar; Ottah; Warahwah; Rabbitfish; [Place of collection: Chennai and Mandapam],100.8604206500956,20.14,0.0,2.14,source_backed_ifct2017,per_100g,Preserve species/cut/state; do not map to generic chicken/mutton/fish.,Preserve species/cut/preparation; use exact source record.
GF-ING-00501,P090,Whale shark,fish,Marine Fish,Galeocerdo cuvier,"Whale shark; Tiger shark; Bhoovar, Bhoavar, Pattari; Pullia, Pilithatte; Valiasurav, Vorimiyaru, Kalla-sravu, Kalvari, Pulli Sravu, Kellan, Kethalan, Valiyasurav; Waghbeer; Wulluven Sorrah; Kettalam Sorrah, Kethalam-sorrah, Kethulam, Kurangu-sorrah, Vulluvan-sorrah; Requiem shark; [Place of collection: Mandapam]",95.84130019120458,21.83,0.0,0.82,source_backed_ifct2017,per_100g,Preserve species/cut/state; do not map to generic chicken/mutton/fish.,Preserve species/cut/preparation; use exact source record.
GF-ING-00502,P091,Xiphinis,fish,Marine Fish,Xiphias gladius,"Xiphinis; Swordfish, Broadbills, Sword Fish; Kunga, Tadmachhi; Kuthirameen; Tadmasa; Billfish, Gamefish, Predatory fish; [Place of collection: Mandapam]",88.4321223709369,19.82,0.0,0.88,source_backed_ifct2017,per_100g,Preserve species/cut/state; do not map to generic chicken/mutton/fish.,Preserve species/cut/preparation; use exact source record.
GF-ING-00503,P092,"Eggs, cat fish",fish,Marine Fish,Ompok bimaculatus,"Eggs, cat fish; Pabho koni; Pabda dim; Pabda ande; Pabdah anda; Butter catfish; Sheatfish; [Place of collection: Kolkata]",143.40344168260037,24.68,0.0,5.28,source_backed_ifct2017,per_100g,Preserve species/cut/state; do not map to generic chicken/mutton/fish.,Preserve species/cut/preparation; use exact source record.
GF-ING-00504,Q001,Crab,crab,Marine Shellfish,Menippe mercenaria,"Crab; Khekora; Kankra; Karachalo; Kekda; Edi, Nalli; Kulli; Njandu; Khekada, Chimbori; Kankada; Kekra; Nandu; Peetha, Endrakaya; Florida stone crab; [Place of collection: Kolkata]; Small shore crab",81.97896749521988,10.23,0.0,1.41,source_backed_ifct2017,per_100g,Preserve species/cut/state; do not map to generic chicken/mutton/fish.,Preserve species/cut/preparation; use exact source record.
GF-ING-00505,Q002,"Crab, sea",crab,Marine Shellfish,Portunus sanguinolentus,"Crab, sea; Khekora; Kankra; Karachalo; Kekda; Edi, Nalli; Kulli; Njandu; Khekada, Chimbori; Kankada; Kekra; Nandu; Peetha, Endrakaya; Three-spot swimming crab, Blood-spotted swimming crab, Red-spotted swimming crab; Large crab; [Place of collection: Chennai]",67.63862332695984,15.36,0.0,0.6,source_backed_ifct2017,per_100g,Preserve species/cut/state; do not map to generic chicken/mutton/fish.,Preserve species/cut/preparation; use exact source record.
GF-ING-00506,Q003,"Lobster, brown",lobster,Marine Shellfish,Thenus orientalis,"Lobster, brown; Koral chingri; Chappal jhinga; Kalla sigadi; Adipan chemmeen; Phati; Matta singi eral, Kal eral; Edu royya; Flathead lobster, Bay lobster, Moreton Bay bug; Slipper lobster; [Place of collection: Chennai]",69.78967495219885,15.96,0.0,0.56,source_backed_ifct2017,per_100g,Preserve species/cut/state; do not map to generic chicken/mutton/fish.,Preserve species/cut/preparation; use exact source record.
GF-ING-00507,Q004,"Lobster, king size",lobster,Marine Shellfish,Thenus orientalis,"Lobster, king size; Koral chingri; Chappal jhinga; Kalla sigadi; Adipan chemmeen; Phati; Matta singi eral, Kal eral; Edu royya; Flathead lobster, Bay lobster, Moreton Bay bug; Slipper lobster; [Place of collection: Chennai, Vizag, Mumbai, Kochi, Mandapam and Goa]",89.62715105162523,18.54,0.0,0.78,source_backed_ifct2017,per_100g,Preserve species/cut/state; do not map to generic chicken/mutton/fish.,Preserve species/cut/preparation; use exact source record.
GF-ING-00508,Q005,Mud crab,crab,Marine Shellfish,Scylla tranquebarica,"Mud crab; Chokha kankra; Chikad kekda; Kesaru edi; Cheli njandu; Chikhli chimbori; Kado kankada; Seru nandu, Mandu nandu; Buradha peetha; Mangrove crab, Mud crab; [Place of collection: Goa]",45.41108986615679,10.0,0.0,0.55,source_backed_ifct2017,per_100g,Preserve species/cut/state; do not map to generic chicken/mutton/fish.,Preserve species/cut/preparation; use exact source record.
GF-ING-00509,Q006,Oyster,oyster,Marine Shellfish,Crassostrea sp.,"Oyster; Indian backwater oyster; Muringa, Muru; Kalungu, Ali, Patti; [Place of collection: Goa]",60.22944550669216,9.51,0.0,2.44,source_backed_ifct2017,per_100g,Preserve species/cut/state; do not map to generic chicken/mutton/fish.,Preserve species/cut/preparation; use exact source record.
GF-ING-00510,Q007,"Tiger prawns, brown",prawn/shrimp,Marine Shellfish,Solenocera crassicornis,"Tiger prawns, brown; Misa maas; Chingri; Jinga; Jhinga; Sigadi; Sungat; Chemmeen; Kolambi; Chingudi; Iraal; Royya; Marine crustacean; [Place of collection: Chennai]",65.24856596558317,14.85,0.0,0.56,source_backed_ifct2017,per_100g,Preserve species/cut/state; do not map to generic chicken/mutton/fish.,Preserve species/cut/preparation; use exact source record.
GF-ING-00511,Q008,"Tiger Prawns, orange",prawn/shrimp,Marine Shellfish,Penaeus monodon,"Tiger Prawns, orange; Misa maas; Bagda chingri; Tiger jinga; Bagda jhinga; Hebbagani sigadi; Wagho sungat; Kara chemmeen, Naran chemmeen; Bagda kolambi; Bagda chingudi; Tiger jhinga; Vari iraal; Puli royya; Giant tiger prawn, Asian tiger shrimp; Marine crustacean; [Place of collection: Kochi]",64.53154875717017,14.25,0.0,0.74,source_backed_ifct2017,per_100g,Preserve species/cut/state; do not map to generic chicken/mutton/fish.,Preserve species/cut/preparation; use exact source record.
GF-ING-00420,S001,Cat fish,fish,Fresh Water Fish and Shellfish,Tandanus tandanus,"Cat fish; Valia Etta; Ven Etta; Thella Jella; Giant Catfish, Giant Sea Catfish; Marine catfish; [Place of collection: Chennai]; Kanduli mas, Singora mas; Tengra, Singi; Khago; Singee, Singhara; Thogari meenu; Muzhi, Etta; Shingata, Shingala; Singhai; Sanghra; Keluthi, Theli; Marpu, Jella; Singee; Eel-tailed catfish, Dewfish, Freshwater catfish, Jewfish, Tandan; Catfish; [Place of collection: Kolkata]",108.98661567877627,22.18,0.0,2.13,source_backed_ifct2017,per_100g,Preserve species/cut/state; do not map to generic chicken/mutton/fish.,Preserve species/cut/preparation; use exact source record.
GF-ING-00519,S002,Catla,fish,Fresh Water Fish and Shellfish,Catla catla,"Catla; Major carp; Baudhekra, Bhakua, Baudhekera; Katla, Pla Kra Ho; Tambra, Thambra, Bawas; Catla, Bhakur, Boassa, Katla, Chepti; Karakatla, Catla; Tambra, Pla Kra Ho, Catla, Katala; Bhakur, Bahkur, Barkur; Theil, Theila, Thaila; Meen, Yamaneri Kendai, Theppu Meenu, Japan Kendai, Japankendai, Thoppa, Thoppa-meen, Theppu-meenu, Thoppu Meen, Koora Kendai, Koora-kendai, Kanavi, Thoppameenu; Botcha, Botchee, Bocha, Bacha, Krishnabotcha; Asian freshwater fish; [Place of collection: Kolkata]",94.16826003824092,17.94,0.0,2.15,source_backed_ifct2017,per_100g,Preserve species/cut/state; do not map to generic chicken/mutton/fish.,Preserve species/cut/preparation; use exact source record.
GF-ING-00520,S003,Fresh water Eel,fish,Fresh Water Fish and Shellfish,Anguilla anguilla,"Fresh water Eel; Kushia; Baan maach, Baam; Baam machli; Havu meenu; Mananjil, Mlanjil; Vaam, Ahir; Baamo; Baam; Vilangu meen; Malugu chepa, Bhamu; European eel; Eel, Catadromous fish; [Place of collection: Kolkata]",107.79158699808796,20.41,0.0,2.63,source_backed_ifct2017,per_100g,Preserve species/cut/state; do not map to generic chicken/mutton/fish.,Preserve species/cut/preparation; use exact source record.
GF-ING-00521,S004,Gold fish,fish,Fresh Water Fish and Shellfish,Carassius auratus,"Gold fish; Xunali maas; Shona maach; Soneri machhli; Sunahri machli; Bangaru meenu, Chinna meenu; Swarna matsyam; Soneri masa; Suna machha; Sunahri machhi; Thanga meen; Bangaru chepa; Goldfish; Freshwater fish, Aquarium fish; [Place of collection: Kolkata and Bangaluru]",94.64627151051624,16.91,0.0,2.94,source_backed_ifct2017,per_100g,Preserve species/cut/state; do not map to generic chicken/mutton/fish.,Preserve species/cut/preparation; use exact source record.
GF-ING-00522,S005,Pangas,fish,Fresh Water Fish and Shellfish,Pangasianodon hypophthalmus,Pangas; Pangas machli; Iridescent shark; Shark catfish; [Place of collection: Kolkata],203.63288718929252,17.12,0.0,16.77,source_backed_ifct2017,per_100g,Preserve species/cut/state; do not map to generic chicken/mutton/fish.,Preserve species/cut/preparation; use exact source record.
GF-ING-00523,S006,Rohu,fish,Fresh Water Fish and Shellfish,Labeo rohita,"Rohu; Rohu, Rui, Roho labeo; Rou, Rohiti, Rohitii, Row, Rau, Rui; Rahu, Rui, Ruee; Bhobhari, Rohu; Rohitham, Rohu; Row; Rohu, Tambada Massa, Tambada Masa, Tambada-massa; Rohu, Ruhu, Rohi; Dumra, Tapra, Rohu, Dhambra; Kannadi Kendai, Kennadi Kendai; Bocha-gandumeenu; Carp fish; [Place of collection: Kolkata]",102.2944550669216,19.71,0.0,2.39,source_backed_ifct2017,per_100g,Preserve species/cut/state; do not map to generic chicken/mutton/fish.,Preserve species/cut/preparation; use exact source record.
GF-ING-00504,S007,Crab,crab,Fresh Water Fish and Shellfish,Pachygrapsus sp.,"Crab; Khekora; Kankra; Karachalo; Kekda; Edi, Nalli; Kulli; Njandu; Khekada, Chimbori; Kankada; Kekra; Nandu; Peetha, Endrakaya; Florida stone crab; [Place of collection: Kolkata]; Small shore crab",81.97896749521988,10.23,0.0,1.41,source_backed_ifct2017,per_100g,Preserve species/cut/state; do not map to generic chicken/mutton/fish.,Preserve species/cut/preparation; use exact source record.
GF-ING-00524,S008,"Prawns, big",prawn/shrimp,Fresh Water Fish and Shellfish,Macrobrachium rosenbergii,"Prawns, big; Bor misa; Golda chingri; Bada jhinga; Dodda sigadi; Aattu konchu, Valiya chemmeen; Mothi kolambi; Galda chingudi; Aattu eral, Yera; Gudi royya; Giant freshwater prawn, Giant river prawn; Palaemonid freshwater prawn, Shrimp; [Place of collection: Bengaluru]",90.82217973231356,19.24,0.0,0.52,source_backed_ifct2017,per_100g,Preserve species/cut/state; do not map to generic chicken/mutton/fish.,Preserve species/cut/preparation; use exact source record.
GF-ING-00525,S009,"Prawns, small",prawn/shrimp,Fresh Water Fish and Shellfish,Macrobrachium sp.,"Prawns, small; Xoru misa; Kucho chingri; Nani jinga; Chhota jhinga; Chikka sigadi; Lhan sungat; Kunju konchu, Cheru chemmeen; Lahan kolambi; Chuna chingudi; Chhoti jhinga; Kutti eral, Kooni; Chinna royya; Shrimp; [Place of collection: Mumbai]",70.98470363288719,13.07,0.0,0.78,source_backed_ifct2017,per_100g,Preserve species/cut/state; do not map to generic chicken/mutton/fish.,Preserve species/cut/preparation; use exact source record.
GF-ING-00526,S010,Tiger prawns,prawn/shrimp,Fresh Water Fish and Shellfish,Macrobrachium sp.,"Tiger prawns; Misa maas; Chingri; Jinga; Jhinga; Sigadi; Sungat; Chemmeen, Konchu; Kolambi; Chingudi; Iraal; Royya; Shrimp; [Place of collection: Kolkata]",67.87762906309752,14.24,0.0,0.66,source_backed_ifct2017,per_100g,Preserve species/cut/state; do not map to generic chicken/mutton/fish.,Preserve species/cut/preparation; use exact source record.
