recipe_id,canonical_name,aliases,region,cuisine,source_name,record_type,source_url,source_details,nutrition_status
GF-REG-00001,Bagara Rice,Bagara Annam; Bagara Khana; Bagara Chawal; Baghara Rice; Baghara Pulao,Telangana / Hyderabad,South Indian,Chefadora / Whisk Affair,source_recipe,https://www.chefadora.com/recipe/bagara-rice-hyderabadi-style-or-bagara-rice-recipe-or-hyderabadi-style-gyf7j0xbxv,4 servings; 300 g basmati rice; 3 tbsp oil; 1/2 cup onion; green chilli; marati mogga; star anise; stone flower; ginger-garlic; coriander; mint; shajeera; cinnamon; cloves; cardamom; salt,Nutrition not promoted as canonical; recipe source gives 302.5 kcal/serving but explicitly labels nutritional info auto-generated and may be inaccurate.
GF-REG-00002,Andhra Pulihora,Pulihora; Chintapandu Pulihora; Puliyogare; Puli Sadam; Tamarind Rice,Andhra Pradesh / Telangana,South Indian,BigBasket / WebIndia123,source_recipe,https://www.bigbasket.com/cookbook/recipes/4584/pulihora/,3 servings; 1.5 cups Sona Masoori rice; sesame oil; turmeric; tamarind pulp; jaggery optional; mustard; urad dal; chana dal; peanuts; chillies; ginger; curry leaves; hing,No canonical nutrition assigned; source provides recipe quantities.
GF-REG-00003,Pesarattu,Pesarattu; Green Moong Dosa; Pesara Dosa,Andhra Pradesh / Telangana,South Indian,Tarla Dalal,source_recipe,https://www.tarladalal.com/pesarattu-1688r,1 cup whole moong; 1/4 cup raw rice; ginger; green chilli; salt,No canonical nutrition assigned; derive only from source-backed ingredients.
GF-REG-00004,Gutti Vankaya Curry,Gutti Vankaya Kura; Stuffed Brinjal Curry,Andhra Pradesh,South Indian,Dassana's Veg Recipes,source_recipe,https://www.vegrecipesofindia.com/gutti-vankaya-kura-recipe/,3 servings; 250 g small brinjals; onion; ginger-garlic; coconut; peanuts; spices; tamarind,No canonical nutrition assigned; recipe-derived nutrition requires standardized final yield.
GF-REG-00005,Gongura Chicken,Gongura Kodi; Gongura Chicken Curry,Andhra Pradesh,South Indian,Sanjeev Kapoor,source_recipe,https://www.sanjeevkapoor.com/Recipe/Gongura-Chicken.html,4 servings; 750 g chicken on bone; 1 cup gongura; oil; garlic; green chilli; ginger-garlic; onion; poppy seeds; cumin; garam masala,No canonical nutrition assigned; chicken cut and edible portion must remain explicit.
GF-REG-00006,Ulavacharu,Ulavalu Charu; Horse Gram Rasam; Kollu Rasam,Andhra Pradesh / Telangana,South Indian,Telugu Visheshalu recipe,source_recipe,https://www.youtube.com/watch?v=L6_i4hgCT8Q,125 g horse gram; tamarind; tomato; green chilli; curry leaves; turmeric; chilli powder; mustard; cumin; 3-4 tbsp oil; pepper; coriander powder,No canonical nutrition assigned; source recipe retained for derivation.
GF-REG-00007,Bisi Bele Bath,Bisi Bele Huliyanna; Bisi Bele Bhaat; Hot Lentil Rice,Karnataka,South Indian,Karnataka Tourism / Dassana,source_recipe,https://old.karnatakatourism.org/destinations/bisi-bele-bath/,Rice + toor dal + vegetables + tamarind + bisi bele bath masala + tempering; Karnataka Tourism confirms preparation and ingredients; recipe source gives 6 servings and measured quantities.,No canonical nutrition assigned; exact recipe version must be selected before derivation.
GF-REG-00008,Akki Rotti,Akki Roti; Akki Dose; Rice Roti,Karnataka,South Indian,Karnataka Tourism,source_recipe,https://karnatakatourism.org/en/experiences/akki-rotti,Rice flour; onion; carrot; curry leaves; coconut; coriander; cumin; green chilli; salt; water; oil; optional butter,No canonical nutrition assigned.
GF-REG-00009,Neer Dosa,Neer Dose; Thellin Dose; Bari Akki Dose,Karnataka / Mangalore,South Indian,Karnataka Tourism / NDTV,source_recipe,https://karnatakatourism.org/en/experiences/neer-dosa,Rice batter; salt; water; coconut depending on recipe version; served with chutney/curry,No canonical nutrition assigned; recipe variants are preserved separately.
GF-REG-00010,Puttu and Kadala Curry,Puttu Kadala; Puttu with Kadala Curry,Kerala,South Indian,Kerala Tourism,source_recipe,https://www.keralatourism.org/kerala-food/puttu-kadala/43/,"Puttu: coarse rice flour, grated coconut, water, salt. Kadala: black chickpea, coconut oil, coconut, garlic, shallots, mustard, red chilli, onion, coriander, spices.","No canonical nutrition assigned; source is recipe authority, not a nutrition table."
GF-REG-00011,Kerala Vegetable Stew,Vegetable Stew; Ishtu; Kerala Ishtu,Kerala,South Indian,NDTV Food,source_recipe,https://food.ndtv.com/recipe-kerala-vegetable-stew-227434,4 servings; 4 cups mixed vegetables; 2 onions; 4 tbsp oil; cardamom; cloves; cinnamon; green chilli; ginger; pepper; 2 cups coconut milk; curry leaves,No canonical nutrition assigned.
GF-REG-00012,Kerala Appam,Appam; Palappam; Vellayappam,Kerala,South Indian,Tarla Dalal,source_recipe,https://www.tarladalal.com/appam--how-to-make-appam--32844r,15 appams; 2 cups uncooked rice; 1/2 cup cooked rice; yeast; sugar; 1 cup coconut milk; salt; oil,No canonical nutrition assigned.
GF-REG-00013,Chole Bhature,Chana Bhatura; Chole Bhatura; Chola Bhatura,Punjab / North India,North Indian,NDTV Food / Dassana,source_recipe,https://food.ndtv.com/recipe-chole-bhature-231327,4 servings; chickpeas; oil; whole spices; onion; tomato; ginger; garlic; spices; refined flour; yeast; wheat flour; oil for frying,No canonical nutrition assigned; recipe calories from third-party pages are not adopted.
GF-REG-00014,Rajma Chawal,Rajma Rice; Rajma Bhaat,North India / Punjab,North Indian,regional recipe family,recipe_family,https://www.indiatoday.in/food-drink/food/story/rajma-chawal-recipe,Recipe family record; exact recipe version and source quantities to be selected before nutrition derivation.,No canonical nutrition assigned.
GF-REG-00015,Dal Makhani,Dal Makhni; Maa Ki Dal,Punjab / North India,North Indian,regional recipe family,recipe_family,https://www.punjabtourism.gov.in/,Black gram/urad + rajma + butter/ghee + cream + tomato/onion/spices; exact source recipe must be selected before canonical nutrition derivation.,No canonical nutrition assigned.
GF-REG-00016,Aloo Paratha,Aloo Parantha; Potato Paratha,Punjab / North India,North Indian,regional recipe family,recipe_family,https://www.incredibleindia.gov.in/en/food-and-cuisine,Wheat flour + potato filling + spices + oil/ghee; exact source recipe must be selected before canonical nutrition derivation.,No canonical nutrition assigned.
GF-REG-00017,Pav Bhaji,Mumbai Pav Bhaji; Pav Bhaji,Maharashtra / Mumbai,West Indian,Dassana's Veg Recipes,source_recipe,https://www.vegrecipesofindia.com/pav-bhaji-recipe-mumbai-pav-bhaji-a-fastfood-recipe-from-mumbai/,5 servings; potato 250 g; cauliflower 120-130 g; carrot; peas; beans; butter; onion; ginger-garlic; capsicum; tomatoes; pav bhaji masala; pav,No canonical nutrition assigned; ingredient quantities retained.
GF-REG-00018,Misal Pav,Misal; Misal Pav,Maharashtra,West Indian,regional recipe family,recipe_family,https://www.incredibleindia.gov.in/en/maharashtra,Sprouted moth/bean curry + farsan + pav + onion/lemon; exact recipe version required for canonical nutrition.,No canonical nutrition assigned.
GF-REG-00019,Dhokla,Khaman Dhokla; Khaman; Dhokla,Gujarat,West Indian,regional recipe family,recipe_family,https://www.gujarattourism.com/,Fermented/instant gram flour or rice-lentil batter depending on variant; variants must not be merged.,No canonical nutrition assigned.
GF-REG-00020,Undhiyu,Surti Undhiyu; Gujarati Undhiyu; Undhiyu,Gujarat,West Indian,NDTV / Dassana,source_recipe,https://food.ndtv.com/recipe-undhiyu-548975,3 servings NDTV version: yam 100 g; potato 100 g; beans 100 g; raw banana 100 g; muthiya ingredients; coconut; coriander; spices; oil.,No canonical nutrition assigned.
GF-REG-00021,Pakhala Bhata,Pakhala; Dahi Pakhala; Pakhala Bhaat,Odisha,East Indian,NDTV Food / Odisha Recipes,source_recipe,https://food.ndtv.com/recipe-pakhala-bhata-954952,2 servings; 2 cups cooked rice; 1 cup water; 1 cup curd; salt; ginger; lemon; curry leaves; cumin.,"Publisher reports 372 kcal/recipe, but it is not adopted as canonical nutrition."
GF-REG-00022,Macher Jhol,Machher Jhol; Fish Jhol,West Bengal,East Indian,regional recipe family,recipe_family,https://www.wbtourism.gov.in/,Fish curry family; exact fish species/cut and recipe source required for canonical nutrition.,
GF-REG-00023,Dalma,Dalma; Dalma Tarkari,Odisha,East Indian,regional recipe family,recipe_family,https://odishatourism.gov.in/,Toor dal + vegetables + tempering; exact recipe version required before canonical nutrition.,
GF-REG-00024,Litti Chokha,Litti Chokha; Litti,Bihar,North/East Indian,regional recipe family,recipe_family,https://tourism.bihar.gov.in/,Wheat litti stuffed with sattu + chokha; exact recipe version required before canonical nutrition.,
GF-REG-00025,Gongura Mutton,Gongura Mamsam; Gongura Mutton,Andhra Pradesh / Telangana,South Indian,regional recipe family,recipe_family,https://tourism.telangana.gov.in/,Goat/mutton + gongura + onion + spices; meat cut and fat content must be explicit.,
GF-REG-00026,Bagara Baingan,Bagara Baingan; Bagara Vankaya,Telangana / Hyderabad,South Indian,regional recipe family,recipe_family,https://tourism.telangana.gov.in/,Brinjal stuffed/cooked with peanut-sesame/coconut/spice masala; exact source recipe required.,
GF-REG-00027,Tomato Rice,Thakkali Sadam; Tomato Bath; Tomato Rice,Tamil Nadu / Karnataka / South India,South Indian,regional recipe family,recipe_family,https://www.tamilnadutourism.com/,Rice + tomato + spices; regional versions differ.,
GF-REG-00028,Curd Rice,Thayir Sadam; Mosaranna; Daddojanam,Tamil Nadu / Karnataka / Andhra,South Indian,regional recipe family,recipe_family,https://www.tamilnadutourism.com/,Cooked rice + curd/yogurt + tempering; regional variants preserved separately.,
GF-REG-00029,Ven Pongal,Pongal; Ven Pongal; Khara Pongal,Tamil Nadu,South Indian,regional recipe family,recipe_family,https://www.tamilnadutourism.com/,Rice + moong dal + ghee/oil + pepper + cumin + ginger; exact recipe source required.,
GF-REG-00030,Kothu Parotta,Kothu Parotta; Koththu Parotta,Tamil Nadu,South Indian,regional recipe family,recipe_family,https://www.tamilnadutourism.com/,Shredded parotta + egg/meat/vegetables + onion + spices; variants must remain separate.,
